HITId,WorkerId,WorkTimeInSeconds,key,english,hindi,rating
3NZ1E5QA74EPA8K0O4M5P5II52HB5G,A2URMYFRQM2WHN,150,image,A white bird with a yellow beak is standing.,மஞ்சள் நிற மூக்கு கொண்ட வெண்மை நிற கோழிக்குஞ்சு,3
3NZ1E5QA74EPA8K0O4M5P5II52HB5G,A2URMYFRQM2WHN,150,image,A woman lies does in a bed fully clothed.,தனது பாக்கெட்டுக்குள் ஏதேனும் ஒன்றை வைத்திருக்கும் மனநிலையில் படுக்கைக்குச் செல்கிறார்.,3
3NZ1E5QA74EPA8K0O4M5P5II52HB5G,A2URMYFRQM2WHN,150,gif,a man is performing a song into a microphone,அவர் நல்ல மற்றும் அழகான பாடுகிறார்,3
3NZ1E5QA74EPA8K0O4M5P5II52HB5G,A2URMYFRQM2WHN,150,image,A man with his arm raised stands over a flipped  table.,வீட்டின் வரவேற்பறையில் ஒரு பெண்ணின் அருகில் நின்று கொண்டு ஆண் ஒருவர் கைகளை உயர்த்தி கூச்சலிடுகிறார்.,4
3NZ1E5QA74EPA8K0O4M5P5II52HB5G,A2URMYFRQM2WHN,150,gif,a man is laying on a bed with white sheets.,ஒரு ஆண் படுக்கையில் உறங்கி கொண்டு இருக்கிறான்,3
3NZ1E5QA74EPA8K0O4M5P5II52HB5G,A2URMYFRQM2WHN,150,gif,a woman is holding her chin in her hand and smiling.,பெண் புன்னகையுடன் அழகாக இருக்கிறாள்,3
3NZ1E5QA74EPA8K0O4M5P5II52HB5G,A2URMYFRQM2WHN,150,image,A woman with a black beanie is holding a red cup.,ஒரு பெண் தன் தலையில் கருப்பு தொப்பி அணிந்துகொண்டு மற்றும் தலையை குனிந்தவண்ணம் சிரிக்கிறாள்,3
3NZ1E5QA74EPA8K0O4M5P5II52HB5G,A2URMYFRQM2WHN,150,image,A woman makes a gesture in front of a group of other women.,மேடை செயல்திறன் மற்றும் மதிப்பீட்டு பெண்,2
3NZ1E5QA74EPA8K0O4M5P5II52HB5G,A2URMYFRQM2WHN,150,gif,a man is unbuttoning his shirt and looking straight ahead,ஒருவன் சட்டையை கழற்றிக் கொண்டு இருக்கிறான்,4
3NZ1E5QA74EPA8K0O4M5P5II52HB5G,A2URMYFRQM2WHN,150,image,A dark haired man and woman embrace each near a window.,வெள்ளை நிற சுவரின் பின்னணியில் ஆண் ஒருவர் பெண்ணை அணைத்தபடி கண்களை மூடியுள்ளார்.,2
3NZ1E5QA74EPA8K0O4M5P5II52HB5G,A2DCGTGSVHL9KM,292,image,A white bird with a yellow beak is standing.,மஞ்சள் நிற மூக்கு கொண்ட வெண்மை நிற கோழிக்குஞ்சு,4
3NZ1E5QA74EPA8K0O4M5P5II52HB5G,A2DCGTGSVHL9KM,292,image,A woman lies does in a bed fully clothed.,தனது பாக்கெட்டுக்குள் ஏதேனும் ஒன்றை வைத்திருக்கும் மனநிலையில் படுக்கைக்குச் செல்கிறார்.,1
3NZ1E5QA74EPA8K0O4M5P5II52HB5G,A2DCGTGSVHL9KM,292,gif,a man is performing a song into a microphone,அவர் நல்ல மற்றும் அழகான பாடுகிறார்,2
3NZ1E5QA74EPA8K0O4M5P5II52HB5G,A2DCGTGSVHL9KM,292,image,A man with his arm raised stands over a flipped  table.,வீட்டின் வரவேற்பறையில் ஒரு பெண்ணின் அருகில் நின்று கொண்டு ஆண் ஒருவர் கைகளை உயர்த்தி கூச்சலிடுகிறார்.,1
3NZ1E5QA74EPA8K0O4M5P5II52HB5G,A2DCGTGSVHL9KM,292,gif,a man is laying on a bed with white sheets.,ஒரு ஆண் படுக்கையில் உறங்கி கொண்டு இருக்கிறான்,2
3NZ1E5QA74EPA8K0O4M5P5II52HB5G,A2DCGTGSVHL9KM,292,gif,a woman is holding her chin in her hand and smiling.,பெண் புன்னகையுடன் அழகாக இருக்கிறாள்,2
3NZ1E5QA74EPA8K0O4M5P5II52HB5G,A2DCGTGSVHL9KM,292,image,A woman with a black beanie is holding a red cup.,ஒரு பெண் தன் தலையில் கருப்பு தொப்பி அணிந்துகொண்டு மற்றும் தலையை குனிந்தவண்ணம் சிரிக்கிறாள்,1
3NZ1E5QA74EPA8K0O4M5P5II52HB5G,A2DCGTGSVHL9KM,292,image,A woman makes a gesture in front of a group of other women.,மேடை செயல்திறன் மற்றும் மதிப்பீட்டு பெண்,1
3NZ1E5QA74EPA8K0O4M5P5II52HB5G,A2DCGTGSVHL9KM,292,gif,a man is unbuttoning his shirt and looking straight ahead,ஒருவன் சட்டையை கழற்றிக் கொண்டு இருக்கிறான்,3
3NZ1E5QA74EPA8K0O4M5P5II52HB5G,A2DCGTGSVHL9KM,292,image,A dark haired man and woman embrace each near a window.,வெள்ளை நிற சுவரின் பின்னணியில் ஆண் ஒருவர் பெண்ணை அணைத்தபடி கண்களை மூடியுள்ளார்.,4
31JUPBOOSSHKAZPEDFI2FSOEJMWL8F,A2WI5DVHW58TY4,191,image,A woman in a black leather jacking is smiling.,பின்னால் இருந்து கட்டியணைக்க போகிறாள்,1
31JUPBOOSSHKAZPEDFI2FSOEJMWL8F,A2WI5DVHW58TY4,191,gif,a girl is breaking an egg on her head.,அவள் தலையில் முட்டை போட்டு உடைக்கின்றாள்.,4
31JUPBOOSSHKAZPEDFI2FSOEJMWL8F,A2WI5DVHW58TY4,191,image,A man sitting at a table is taking a drink from a wine glass.,அவர் மிகவும் இன்பமாக மது அருந்திக்கொண்டிக்கின்றார்,4
31JUPBOOSSHKAZPEDFI2FSOEJMWL8F,A2WI5DVHW58TY4,191,gif,a man has a baby under his jacket.,அப்பாவின் ஜெர்க்கினில் குழந்தை உள்ளது,3
31JUPBOOSSHKAZPEDFI2FSOEJMWL8F,A2WI5DVHW58TY4,191,gif,a woman is outside looking though a magnifying glass.,ஒரு பெண் புத்தக்கண்ணாடி வைத்து கொண்டுருக்கிறாள்,4
31JUPBOOSSHKAZPEDFI2FSOEJMWL8F,A2WI5DVHW58TY4,191,gif,a man is taking off his shirt and throwing it down,ஒருவன் சட்டையை கழட்டுகின்றான் .,3
31JUPBOOSSHKAZPEDFI2FSOEJMWL8F,A2WI5DVHW58TY4,191,image,A small dog wearing a red cape is riding a scooter.,இந்த நாய் மிக அழகாக தன்னுடைய சைக்கிளில் பார்வையாளர் முன்பு வலம் வருகிறது,4
31JUPBOOSSHKAZPEDFI2FSOEJMWL8F,A2WI5DVHW58TY4,191,gif,two men are on a stage singing and dancing,"அவன் ஒலிபெருக்கியில் பேசுகிறான், அவள் நடனம் ஆடி கொண்டு இருக்கின்றாள் .",3
31JUPBOOSSHKAZPEDFI2FSOEJMWL8F,A2WI5DVHW58TY4,191,image,Two young men are standing with a bright light shining on them.,கையில் ஒலிபெருக்கியுடன் மேடையில் இருவர்.,2
31JUPBOOSSHKAZPEDFI2FSOEJMWL8F,A2WI5DVHW58TY4,191,image,A black man with a hat is leaning over another black person.,இரண்டு பெண்கள் ஒருவருக்கொருவர் விவாதிக்கிறார்கள்,1
31JUPBOOSSHKAZPEDFI2FSOEJMWL8F,A111ZFNLXK1TCO,111,image,A woman in a black leather jacking is smiling.,பின்னால் இருந்து கட்டியணைக்க போகிறாள்,1
31JUPBOOSSHKAZPEDFI2FSOEJMWL8F,A111ZFNLXK1TCO,111,gif,a girl is breaking an egg on her head.,அவள் தலையில் முட்டை போட்டு உடைக்கின்றாள்.,5
31JUPBOOSSHKAZPEDFI2FSOEJMWL8F,A111ZFNLXK1TCO,111,image,A man sitting at a table is taking a drink from a wine glass.,அவர் மிகவும் இன்பமாக மது அருந்திக்கொண்டிக்கின்றார்,4
31JUPBOOSSHKAZPEDFI2FSOEJMWL8F,A111ZFNLXK1TCO,111,gif,a man has a baby under his jacket.,அப்பாவின் ஜெர்க்கினில் குழந்தை உள்ளது,5
31JUPBOOSSHKAZPEDFI2FSOEJMWL8F,A111ZFNLXK1TCO,111,gif,a woman is outside looking though a magnifying glass.,ஒரு பெண் புத்தக்கண்ணாடி வைத்து கொண்டுருக்கிறாள்,4
31JUPBOOSSHKAZPEDFI2FSOEJMWL8F,A111ZFNLXK1TCO,111,gif,a man is taking off his shirt and throwing it down,ஒருவன் சட்டையை கழட்டுகின்றான் .,4
31JUPBOOSSHKAZPEDFI2FSOEJMWL8F,A111ZFNLXK1TCO,111,image,A small dog wearing a red cape is riding a scooter.,இந்த நாய் மிக அழகாக தன்னுடைய சைக்கிளில் பார்வையாளர் முன்பு வலம் வருகிறது,2
31JUPBOOSSHKAZPEDFI2FSOEJMWL8F,A111ZFNLXK1TCO,111,gif,two men are on a stage singing and dancing,"அவன் ஒலிபெருக்கியில் பேசுகிறான், அவள் நடனம் ஆடி கொண்டு இருக்கின்றாள் .",2
31JUPBOOSSHKAZPEDFI2FSOEJMWL8F,A111ZFNLXK1TCO,111,image,Two young men are standing with a bright light shining on them.,கையில் ஒலிபெருக்கியுடன் மேடையில் இருவர்.,3
31JUPBOOSSHKAZPEDFI2FSOEJMWL8F,A111ZFNLXK1TCO,111,image,A black man with a hat is leaning over another black person.,இரண்டு பெண்கள் ஒருவருக்கொருவர் விவாதிக்கிறார்கள்,2
388FBO7J0W6PD5JH2WWBRXG5HWZNYX,A33Z442WJQ8ADC,99,gif,a young man is wearing headphones and sunglasses while blowing smoke.,அவர் புகை கொண்ட கண்ணாடி நல்லது,3
388FBO7J0W6PD5JH2WWBRXG5HWZNYX,A33Z442WJQ8ADC,99,gif,a man with dark hair and a mustache speaks.,அவன் பேசி கொண்டு இருக்கின்றான்,3
388FBO7J0W6PD5JH2WWBRXG5HWZNYX,A33Z442WJQ8ADC,99,gif,a woman is drinking alcohol right out of the bottle,ஒரு பெண் மது அறிந்து கொண்டிருக்கிறாள்,4
388FBO7J0W6PD5JH2WWBRXG5HWZNYX,A33Z442WJQ8ADC,99,gif,the men are dancing and performing on stage.,அனைவரும் நடனம் ஆடி கொண்டு இருக்கிறார்கள்,3
388FBO7J0W6PD5JH2WWBRXG5HWZNYX,A33Z442WJQ8ADC,99,gif,the two men are running on a track.,இரு ஆண்கள் பேசிக்கொண்டே ஓடுகிறார்கள்.,3
388FBO7J0W6PD5JH2WWBRXG5HWZNYX,A33Z442WJQ8ADC,99,gif,a woman holding a phone talks and sneers sneered,என் சோகம் என்னைச் சுற்றியுள்ளவர்களால் ஏற்படுகிறது,2
388FBO7J0W6PD5JH2WWBRXG5HWZNYX,A33Z442WJQ8ADC,99,gif,two men on stage are singing into microphones,இருவர் பாடல்கள் பாடிக்கொண்டு இருக்கிறார்கள்,2
388FBO7J0W6PD5JH2WWBRXG5HWZNYX,A33Z442WJQ8ADC,99,gif,this image is of a man lighting his cigarette with a match.,ஒருவன் புகை பிடிக்கிறான்,3
388FBO7J0W6PD5JH2WWBRXG5HWZNYX,A33Z442WJQ8ADC,99,gif,a young man with a microphone is waving his hands,அவன் மைக்கில் பேசி கொண்டிருக்கிறார்,4
388FBO7J0W6PD5JH2WWBRXG5HWZNYX,A33Z442WJQ8ADC,99,image,A young asian man is smiling and waving at the camera while seated in front of a microphone.,ஒரு வானொலி தொகுப்பாளர் உற்சாகமாக கையை அசைக்கிறார்.,3
388FBO7J0W6PD5JH2WWBRXG5HWZNYX,A2WI5DVHW58TY4,751,gif,a young man is wearing headphones and sunglasses while blowing smoke.,அவர் புகை கொண்ட கண்ணாடி நல்லது,1
388FBO7J0W6PD5JH2WWBRXG5HWZNYX,A2WI5DVHW58TY4,751,gif,a man with dark hair and a mustache speaks.,அவன் பேசி கொண்டு இருக்கின்றான்,3
388FBO7J0W6PD5JH2WWBRXG5HWZNYX,A2WI5DVHW58TY4,751,gif,a woman is drinking alcohol right out of the bottle,ஒரு பெண் மது அறிந்து கொண்டிருக்கிறாள்,3
388FBO7J0W6PD5JH2WWBRXG5HWZNYX,A2WI5DVHW58TY4,751,gif,the men are dancing and performing on stage.,அனைவரும் நடனம் ஆடி கொண்டு இருக்கிறார்கள்,3
388FBO7J0W6PD5JH2WWBRXG5HWZNYX,A2WI5DVHW58TY4,751,gif,the two men are running on a track.,இரு ஆண்கள் பேசிக்கொண்டே ஓடுகிறார்கள்.,4
388FBO7J0W6PD5JH2WWBRXG5HWZNYX,A2WI5DVHW58TY4,751,gif,a woman holding a phone talks and sneers sneered,என் சோகம் என்னைச் சுற்றியுள்ளவர்களால் ஏற்படுகிறது,1
388FBO7J0W6PD5JH2WWBRXG5HWZNYX,A2WI5DVHW58TY4,751,gif,two men on stage are singing into microphones,இருவர் பாடல்கள் பாடிக்கொண்டு இருக்கிறார்கள்,3
388FBO7J0W6PD5JH2WWBRXG5HWZNYX,A2WI5DVHW58TY4,751,gif,this image is of a man lighting his cigarette with a match.,ஒருவன் புகை பிடிக்கிறான்,3
388FBO7J0W6PD5JH2WWBRXG5HWZNYX,A2WI5DVHW58TY4,751,gif,a young man with a microphone is waving his hands,அவன் மைக்கில் பேசி கொண்டிருக்கிறார்,2
388FBO7J0W6PD5JH2WWBRXG5HWZNYX,A2WI5DVHW58TY4,751,image,A young asian man is smiling and waving at the camera while seated in front of a microphone.,ஒரு வானொலி தொகுப்பாளர் உற்சாகமாக கையை அசைக்கிறார்.,2
31ODACBEOZSDKGK0JIW3D5N95MQQS9,AERUGEPUVPX1R,696,gif,a man flips a tray of cookies in the air,ஒருவன் தட்டை தூக்கி வீசுகிறான்,4
31ODACBEOZSDKGK0JIW3D5N95MQQS9,AERUGEPUVPX1R,696,gif,a young woman is dancing and singing on a stage.,அவள் ஒலிபெருக்கியில் பாடி   நடனம் ஆடுகின்றாள்.,3
31ODACBEOZSDKGK0JIW3D5N95MQQS9,AERUGEPUVPX1R,696,gif,a woman is swinging on a rope in the desert.,ஒரு பெண் ஊஞ்சல் ஆகுகிறாள்,4
31ODACBEOZSDKGK0JIW3D5N95MQQS9,AERUGEPUVPX1R,696,gif,the woman is waving and blowing a kiss.,ஒரு பெண் பிளைன் கிஸ் கொடுகிறாள்,3
31ODACBEOZSDKGK0JIW3D5N95MQQS9,AERUGEPUVPX1R,696,gif,a woman with long hair is walking in a dress.,ஒருவள் ஓடி வருகிறாள்,2
31ODACBEOZSDKGK0JIW3D5N95MQQS9,AERUGEPUVPX1R,696,image,A boy falls down in front of a band.,ஒரு குழந்தை போல அயர்ந்து தூங்குகின்றார்.,1
31ODACBEOZSDKGK0JIW3D5N95MQQS9,AERUGEPUVPX1R,696,image,A man is riding a motorcycle in front of the blue sky.,ஒரு மனிதர் கருப்பு வண்ண குளிர் கண்ணாடி அணிந்து கொண்டு தன்னுடைய இரு சக்கர வாகனத்தில் சாலையில் விரைந்து செல்கிறார்.,4
31ODACBEOZSDKGK0JIW3D5N95MQQS9,AERUGEPUVPX1R,696,image,A  man in a blue shirt has his fist and arm raised over his head,ஒரு மனிதன் கோபமடைந்து எதிர் எதிர்வினைக்கு வெறித்துப் பார்க்கிறான் .,2
31ODACBEOZSDKGK0JIW3D5N95MQQS9,AERUGEPUVPX1R,696,gif,a woman gets out of a car and is helped by a man.,ஒருவள் காரில் இருந்து இறங்குகிறாள்,3
31ODACBEOZSDKGK0JIW3D5N95MQQS9,AERUGEPUVPX1R,696,image,A woman wearing leopard print dress and a white jacket is walking forward.,நீண்ட வெள்ளை மேல் உடுப்பு அணிந்த ஒரு பெண் புகைப்படக்காரரை நோக்கி நடந்து செல்கிறாள்.,3
31ODACBEOZSDKGK0JIW3D5N95MQQS9,A111ZFNLXK1TCO,178,gif,a man flips a tray of cookies in the air,ஒருவன் தட்டை தூக்கி வீசுகிறான்,3
31ODACBEOZSDKGK0JIW3D5N95MQQS9,A111ZFNLXK1TCO,178,gif,a young woman is dancing and singing on a stage.,அவள் ஒலிபெருக்கியில் பாடி   நடனம் ஆடுகின்றாள்.,2
31ODACBEOZSDKGK0JIW3D5N95MQQS9,A111ZFNLXK1TCO,178,gif,a woman is swinging on a rope in the desert.,ஒரு பெண் ஊஞ்சல் ஆகுகிறாள்,2
31ODACBEOZSDKGK0JIW3D5N95MQQS9,A111ZFNLXK1TCO,178,gif,the woman is waving and blowing a kiss.,ஒரு பெண் பிளைன் கிஸ் கொடுகிறாள்,4
31ODACBEOZSDKGK0JIW3D5N95MQQS9,A111ZFNLXK1TCO,178,gif,a woman with long hair is walking in a dress.,ஒருவள் ஓடி வருகிறாள்,1
31ODACBEOZSDKGK0JIW3D5N95MQQS9,A111ZFNLXK1TCO,178,image,A boy falls down in front of a band.,ஒரு குழந்தை போல அயர்ந்து தூங்குகின்றார்.,1
31ODACBEOZSDKGK0JIW3D5N95MQQS9,A111ZFNLXK1TCO,178,image,A man is riding a motorcycle in front of the blue sky.,ஒரு மனிதர் கருப்பு வண்ண குளிர் கண்ணாடி அணிந்து கொண்டு தன்னுடைய இரு சக்கர வாகனத்தில் சாலையில் விரைந்து செல்கிறார்.,2
31ODACBEOZSDKGK0JIW3D5N95MQQS9,A111ZFNLXK1TCO,178,image,A  man in a blue shirt has his fist and arm raised over his head,ஒரு மனிதன் கோபமடைந்து எதிர் எதிர்வினைக்கு வெறித்துப் பார்க்கிறான் .,1
31ODACBEOZSDKGK0JIW3D5N95MQQS9,A111ZFNLXK1TCO,178,gif,a woman gets out of a car and is helped by a man.,ஒருவள் காரில் இருந்து இறங்குகிறாள்,2
31ODACBEOZSDKGK0JIW3D5N95MQQS9,A111ZFNLXK1TCO,178,image,A woman wearing leopard print dress and a white jacket is walking forward.,நீண்ட வெள்ளை மேல் உடுப்பு அணிந்த ஒரு பெண் புகைப்படக்காரரை நோக்கி நடந்து செல்கிறாள்.,3
3XJOUITW9Z4EZGXF8I1TNAJV754QTY,A2KANCG6BVWYRE,223,image,A woman has her mouth open and her left hand over her head.,இளம்பெண் தனது மன நிலையை வெளிப்படுத்துகிறார்,1
3XJOUITW9Z4EZGXF8I1TNAJV754QTY,A2KANCG6BVWYRE,223,gif,a woman is walking across the stage and giving people high fives.,அவள் நண்பர்களுடனும் கைதட்டலுடனும் ரசிக்கிறாள்,3
3XJOUITW9Z4EZGXF8I1TNAJV754QTY,A2KANCG6BVWYRE,223,image,A man with dark hair and a mustache has a worried look on his face.,இவர் தன் முகம் மலர தன் நினைவை தன் வார்த்தையால் விவரித்துக் கொண்டு  இருக்கிறார்.,2
3XJOUITW9Z4EZGXF8I1TNAJV754QTY,A2KANCG6BVWYRE,223,gif,a man is in the back of a car smoking his cigarette,ஒருவன் புகைத்துக் கொண்டு இருக்கிறான்,4
3XJOUITW9Z4EZGXF8I1TNAJV754QTY,A2KANCG6BVWYRE,223,image,A black man taking a selfie.,ஒருவர் வாகனத்தின் உள்ளே கைபேசியை திறக்க முயல்கின்றார்,2
3XJOUITW9Z4EZGXF8I1TNAJV754QTY,A2KANCG6BVWYRE,223,gif,an angry young man flips over a coffee table.,அவன் மேசையை தூக்கி போடுகிறான்.,5
3XJOUITW9Z4EZGXF8I1TNAJV754QTY,A2KANCG6BVWYRE,223,image,One cat is hiding under a chair while under cat is stuck in a bag.,நாற்காலிகளுக்கு நடுவில் விளையாடும் பூனைகள்.,3
3XJOUITW9Z4EZGXF8I1TNAJV754QTY,A2KANCG6BVWYRE,223,image,A man in a dark shirt is smiling and holding a gun.,ஒருவர் கையில் துப்பாக்கி வைத்து கொண்டு சிரிக்கிறார்.,4
3XJOUITW9Z4EZGXF8I1TNAJV754QTY,A2KANCG6BVWYRE,223,image,a guy with a kitten on his head looking at another cat.,நான் தான் பெரியவன் என்று நபரின் தலை மேல் இருக்கும் குட்டி பூனை.,2
3XJOUITW9Z4EZGXF8I1TNAJV754QTY,A2KANCG6BVWYRE,223,gif,"a woman, wearing a leopard print dress and long white coat, walks forward.",ஒருவள் நடந்து கொண்டு வருகிறாள்,4
3XJOUITW9Z4EZGXF8I1TNAJV754QTY,AERUGEPUVPX1R,974,image,A woman has her mouth open and her left hand over her head.,இளம்பெண் தனது மன நிலையை வெளிப்படுத்துகிறார்,2
3XJOUITW9Z4EZGXF8I1TNAJV754QTY,AERUGEPUVPX1R,974,gif,a woman is walking across the stage and giving people high fives.,அவள் நண்பர்களுடனும் கைதட்டலுடனும் ரசிக்கிறாள்,3
3XJOUITW9Z4EZGXF8I1TNAJV754QTY,AERUGEPUVPX1R,974,image,A man with dark hair and a mustache has a worried look on his face.,இவர் தன் முகம் மலர தன் நினைவை தன் வார்த்தையால் விவரித்துக் கொண்டு  இருக்கிறார்.,1
3XJOUITW9Z4EZGXF8I1TNAJV754QTY,AERUGEPUVPX1R,974,gif,a man is in the back of a car smoking his cigarette,ஒருவன் புகைத்துக் கொண்டு இருக்கிறான்,3
3XJOUITW9Z4EZGXF8I1TNAJV754QTY,AERUGEPUVPX1R,974,image,A black man taking a selfie.,ஒருவர் வாகனத்தின் உள்ளே கைபேசியை திறக்க முயல்கின்றார்,2
3XJOUITW9Z4EZGXF8I1TNAJV754QTY,AERUGEPUVPX1R,974,gif,an angry young man flips over a coffee table.,அவன் மேசையை தூக்கி போடுகிறான்.,4
3XJOUITW9Z4EZGXF8I1TNAJV754QTY,AERUGEPUVPX1R,974,image,One cat is hiding under a chair while under cat is stuck in a bag.,நாற்காலிகளுக்கு நடுவில் விளையாடும் பூனைகள்.,3
3XJOUITW9Z4EZGXF8I1TNAJV754QTY,AERUGEPUVPX1R,974,image,A man in a dark shirt is smiling and holding a gun.,ஒருவர் கையில் துப்பாக்கி வைத்து கொண்டு சிரிக்கிறார்.,4
3XJOUITW9Z4EZGXF8I1TNAJV754QTY,AERUGEPUVPX1R,974,image,a guy with a kitten on his head looking at another cat.,நான் தான் பெரியவன் என்று நபரின் தலை மேல் இருக்கும் குட்டி பூனை.,3
3XJOUITW9Z4EZGXF8I1TNAJV754QTY,AERUGEPUVPX1R,974,gif,"a woman, wearing a leopard print dress and long white coat, walks forward.",ஒருவள் நடந்து கொண்டு வருகிறாள்,2
3P520RYKDMJ467T6OV30UVA6UNO5UR,A2WI5DVHW58TY4,579,gif,a man wearing a white hat is waving.,ஒருவன் கை அசைத்து புகைத்து கொண்டு இருக்கிறான்,2
3P520RYKDMJ467T6OV30UVA6UNO5UR,A2WI5DVHW58TY4,579,image,A dog trying to get a racoon out of the toilet.,ஒரு நாயும் பூனையும் கழிவறையில் விளையாடுகின்றன,3
3P520RYKDMJ467T6OV30UVA6UNO5UR,A2WI5DVHW58TY4,579,gif,a man falls down the stairs and gets up and walks away,ஒருவன் படிக்கட்டில் விழுந்து நடந்து செல்கிறான்,5
3P520RYKDMJ467T6OV30UVA6UNO5UR,A2WI5DVHW58TY4,579,gif,a man is raising his hands with excitement.,அவர் தனது கைகளை அசைத்து நடனம் ஆடுகிறார்,3
3P520RYKDMJ467T6OV30UVA6UNO5UR,A2WI5DVHW58TY4,579,image,A female with long hair has a hand over her lips,ஒரு பெண்மணி தனக்கு முன்னால் ஒரு விஷயத்தைப் பார்த்து ஆச்சரியமாக வாய் மூடிக்கொண்டிருக்கிறாள்.,3
3P520RYKDMJ467T6OV30UVA6UNO5UR,A2WI5DVHW58TY4,579,image,A man in a yellow cape is carrying a black bucket.,திரைப்பட கதாபாத்திரம் போல வேடமணிந்த ஒருவர் வாகனங்களுக்கு மத்தியில் ஓடுகிறார்.,1
3P520RYKDMJ467T6OV30UVA6UNO5UR,A2WI5DVHW58TY4,579,gif,"a man us riding in a car, and he had a bandage on his head.",அவன் காரில் அமர்ந்து செல்கின்றான்.,2
3P520RYKDMJ467T6OV30UVA6UNO5UR,A2WI5DVHW58TY4,579,image,A man is sitting in a comfy chair reading several different papers.,இந்த மனிதர் தன்னுடைய ஆவணகளை மீக கவனமாக சரிப் பார்த்து கொண்டுயிருக்கிறார்,3
3P520RYKDMJ467T6OV30UVA6UNO5UR,A2WI5DVHW58TY4,579,gif,a guy wearing a cowboy hat is singing into a microphone.,ஒரு ஆண் மேடையில் பாட்டு பாடுகிறார்,3
3P520RYKDMJ467T6OV30UVA6UNO5UR,A2WI5DVHW58TY4,579,gif,the man is singing while playing guitar.,அவன் ஒலிபெருக்கியில் பாடி இசைக்கின்றான்,3
3P520RYKDMJ467T6OV30UVA6UNO5UR,A2KANCG6BVWYRE,446,gif,a man wearing a white hat is waving.,ஒருவன் கை அசைத்து புகைத்து கொண்டு இருக்கிறான்,3
3P520RYKDMJ467T6OV30UVA6UNO5UR,A2KANCG6BVWYRE,446,image,A dog trying to get a racoon out of the toilet.,ஒரு நாயும் பூனையும் கழிவறையில் விளையாடுகின்றன,2
3P520RYKDMJ467T6OV30UVA6UNO5UR,A2KANCG6BVWYRE,446,gif,a man falls down the stairs and gets up and walks away,ஒருவன் படிக்கட்டில் விழுந்து நடந்து செல்கிறான்,4
3P520RYKDMJ467T6OV30UVA6UNO5UR,A2KANCG6BVWYRE,446,gif,a man is raising his hands with excitement.,அவர் தனது கைகளை அசைத்து நடனம் ஆடுகிறார்,4
3P520RYKDMJ467T6OV30UVA6UNO5UR,A2KANCG6BVWYRE,446,image,A female with long hair has a hand over her lips,ஒரு பெண்மணி தனக்கு முன்னால் ஒரு விஷயத்தைப் பார்த்து ஆச்சரியமாக வாய் மூடிக்கொண்டிருக்கிறாள்.,5
3P520RYKDMJ467T6OV30UVA6UNO5UR,A2KANCG6BVWYRE,446,image,A man in a yellow cape is carrying a black bucket.,திரைப்பட கதாபாத்திரம் போல வேடமணிந்த ஒருவர் வாகனங்களுக்கு மத்தியில் ஓடுகிறார்.,1
3P520RYKDMJ467T6OV30UVA6UNO5UR,A2KANCG6BVWYRE,446,gif,"a man us riding in a car, and he had a bandage on his head.",அவன் காரில் அமர்ந்து செல்கின்றான்.,3
3P520RYKDMJ467T6OV30UVA6UNO5UR,A2KANCG6BVWYRE,446,image,A man is sitting in a comfy chair reading several different papers.,இந்த மனிதர் தன்னுடைய ஆவணகளை மீக கவனமாக சரிப் பார்த்து கொண்டுயிருக்கிறார்,3
3P520RYKDMJ467T6OV30UVA6UNO5UR,A2KANCG6BVWYRE,446,gif,a guy wearing a cowboy hat is singing into a microphone.,ஒரு ஆண் மேடையில் பாட்டு பாடுகிறார்,3
3P520RYKDMJ467T6OV30UVA6UNO5UR,A2KANCG6BVWYRE,446,gif,the man is singing while playing guitar.,அவன் ஒலிபெருக்கியில் பாடி இசைக்கின்றான்,5
35YHTYFL2LGWLJBVZXQECT32XOBFV9,A111ZFNLXK1TCO,238,image,A man wearing a white towel on his shoulder is smirking off into the distance.,"வால் தோற்றம்,சட்டை அணிய வேண்டாம்,அவரது உடலைக் காட்டும்,இடது பக்கத்தில் குளியல் துண்டு",2
35YHTYFL2LGWLJBVZXQECT32XOBFV9,A111ZFNLXK1TCO,238,gif,a girl wearing a leather jacket is dancing behind a man.,கருப்பு நிற உடை அணிந்த பெண் ஆடிக்கொண்டே சிவப்பு உடையில் இருக்கும் ஆணின் அருகில் வருகிறார்.,2
35YHTYFL2LGWLJBVZXQECT32XOBFV9,A111ZFNLXK1TCO,238,gif,a white woman is applying lipstick to her lips,அவள் உதட்டுக்கு சாயம் பூசி கொண்டு இருக்கிறாள்,4
35YHTYFL2LGWLJBVZXQECT32XOBFV9,A111ZFNLXK1TCO,238,gif,a woman is holding a lit cigarette in her hand.,ஒரு பெண் பார்த்து சிரிக்கிறாள்,2
35YHTYFL2LGWLJBVZXQECT32XOBFV9,A111ZFNLXK1TCO,238,gif,a person is putting a scoop of ice cream into a drink,ஒருவன் ஐஸ் கிரீம் தடவுகிறான்,2
35YHTYFL2LGWLJBVZXQECT32XOBFV9,A111ZFNLXK1TCO,238,gif,a woman is holding a red cup and dancing.,ஒரு பெண் கையில் கோப்பையுடன் நடனமாடுகிறார்.,4
35YHTYFL2LGWLJBVZXQECT32XOBFV9,A111ZFNLXK1TCO,238,gif,a basketball player is dancing while he is on the floor,ஒருவன் தரையில் நடனம் ஆடிக் கொண்டு இருக்கிறார்,4
35YHTYFL2LGWLJBVZXQECT32XOBFV9,A111ZFNLXK1TCO,238,image,A brown goat takes a bite from a spoon.,அந்த மிருகம் கரண்டியில் உள்ள ஒருவகை உணவை சாப்பிடுகின்றது,4
35YHTYFL2LGWLJBVZXQECT32XOBFV9,A111ZFNLXK1TCO,238,gif,a man is a tossing a cat at another man,ஒருவன் பூனையை தூக்கி வீசுகிறான்,4
35YHTYFL2LGWLJBVZXQECT32XOBFV9,A111ZFNLXK1TCO,238,image,A man in a white shirt and black hat exits a door.,இந்த தொப்பி அணிந்த மனிதர் தன்னுடைய பாட்டிலை வைத்து விரைவாக செல்ல நடக்கின்றார்,2
35YHTYFL2LGWLJBVZXQECT32XOBFV9,AVYMEI908YXCT,721,image,A man wearing a white towel on his shoulder is smirking off into the distance.,"வால் தோற்றம்,சட்டை அணிய வேண்டாம்,அவரது உடலைக் காட்டும்,இடது பக்கத்தில் குளியல் துண்டு",1
35YHTYFL2LGWLJBVZXQECT32XOBFV9,AVYMEI908YXCT,721,gif,a girl wearing a leather jacket is dancing behind a man.,கருப்பு நிற உடை அணிந்த பெண் ஆடிக்கொண்டே சிவப்பு உடையில் இருக்கும் ஆணின் அருகில் வருகிறார்.,2
35YHTYFL2LGWLJBVZXQECT32XOBFV9,AVYMEI908YXCT,721,gif,a white woman is applying lipstick to her lips,அவள் உதட்டுக்கு சாயம் பூசி கொண்டு இருக்கிறாள்,3
35YHTYFL2LGWLJBVZXQECT32XOBFV9,AVYMEI908YXCT,721,gif,a woman is holding a lit cigarette in her hand.,ஒரு பெண் பார்த்து சிரிக்கிறாள்,1
35YHTYFL2LGWLJBVZXQECT32XOBFV9,AVYMEI908YXCT,721,gif,a person is putting a scoop of ice cream into a drink,ஒருவன் ஐஸ் கிரீம் தடவுகிறான்,2
35YHTYFL2LGWLJBVZXQECT32XOBFV9,AVYMEI908YXCT,721,gif,a woman is holding a red cup and dancing.,ஒரு பெண் கையில் கோப்பையுடன் நடனமாடுகிறார்.,4
35YHTYFL2LGWLJBVZXQECT32XOBFV9,AVYMEI908YXCT,721,gif,a basketball player is dancing while he is on the floor,ஒருவன் தரையில் நடனம் ஆடிக் கொண்டு இருக்கிறார்,3
35YHTYFL2LGWLJBVZXQECT32XOBFV9,AVYMEI908YXCT,721,image,A brown goat takes a bite from a spoon.,அந்த மிருகம் கரண்டியில் உள்ள ஒருவகை உணவை சாப்பிடுகின்றது,2
35YHTYFL2LGWLJBVZXQECT32XOBFV9,AVYMEI908YXCT,721,gif,a man is a tossing a cat at another man,ஒருவன் பூனையை தூக்கி வீசுகிறான்,3
35YHTYFL2LGWLJBVZXQECT32XOBFV9,AVYMEI908YXCT,721,image,A man in a white shirt and black hat exits a door.,இந்த தொப்பி அணிந்த மனிதர் தன்னுடைய பாட்டிலை வைத்து விரைவாக செல்ல நடக்கின்றார்,1
3QTFNPMJDBVPIVTMYIYU54P7NQ3NZO,A1IMRSDQ7RO9US,880,gif,a man in a white suit is playing a guitar.,அவன் இசைத்து கொண்டு இருக்கிறான்,4
3QTFNPMJDBVPIVTMYIYU54P7NQ3NZO,A1IMRSDQ7RO9US,880,gif,a couple of boys are doing push-ups on stage.,வேலை நடனம் ஆனால் பொழுதுபோக்கு உடற்பயிற்சி,2
3QTFNPMJDBVPIVTMYIYU54P7NQ3NZO,A1IMRSDQ7RO9US,880,image,A person's hand is holding a scooper and putting ice cream into a glass of root beer.,சுவையான குளு குளு கட்டி,1
3QTFNPMJDBVPIVTMYIYU54P7NQ3NZO,A1IMRSDQ7RO9US,880,image,A man in blue jeans and a brown jacket looks into a bag.,"மரங்கள் அடர்ந்த வனப்பகுதியில், ஆண் ஒருவர் கைப்பையை குனிந்து திறக்கிறார்.",2
3QTFNPMJDBVPIVTMYIYU54P7NQ3NZO,A1IMRSDQ7RO9US,880,image,A man white had and black tie is smoking from a pipe.,கறுப்புத் திட்டு தொப்பி அணிந்த அதிகாரி கூர்மையாக ஒரு விஷயத்தைப் பார்த்தார்.,2
3QTFNPMJDBVPIVTMYIYU54P7NQ3NZO,A1IMRSDQ7RO9US,880,image,someone standing on a stage in front of other people close to a microphone,ஆண்கள் பனி சறுக்கு விளையாட்டு  விளையாடுகிறார்கள்.,2
3QTFNPMJDBVPIVTMYIYU54P7NQ3NZO,A1IMRSDQ7RO9US,880,image,A dark haired woman is applying lipstick.,சிவப்பு நிற லிப்ஸ்டிக் பயன்படுத்தி ஒரு அழகான பெண் ஒப்பனை பெறுகிறார்.,3
3QTFNPMJDBVPIVTMYIYU54P7NQ3NZO,A1IMRSDQ7RO9US,880,gif,a man is laughing while holding a gun,ஒரு மனிதன் துப்பாக்கியை சிரித்துக்கொண்டே பயன்படுத்துகிறான்,4
3QTFNPMJDBVPIVTMYIYU54P7NQ3NZO,A1IMRSDQ7RO9US,880,image,A person is taking a drink from a bottle while outside,நல்ல சூரியன் வெளிச்சத்தில் ஒருவர் பாட்டிலில் இருக்கும் பானத்தை அருந்துகிறார்.,3
3QTFNPMJDBVPIVTMYIYU54P7NQ3NZO,A1IMRSDQ7RO9US,880,gif,a bird is climbing through a cardboard tube.,ஒரு வெள்ளை நிற பறவை குழாயினுள் புகுந்து வெளி வருகிறது.,3
3QTFNPMJDBVPIVTMYIYU54P7NQ3NZO,A111ZFNLXK1TCO,366,gif,a man in a white suit is playing a guitar.,அவன் இசைத்து கொண்டு இருக்கிறான்,3
3QTFNPMJDBVPIVTMYIYU54P7NQ3NZO,A111ZFNLXK1TCO,366,gif,a couple of boys are doing push-ups on stage.,வேலை நடனம் ஆனால் பொழுதுபோக்கு உடற்பயிற்சி,1
3QTFNPMJDBVPIVTMYIYU54P7NQ3NZO,A111ZFNLXK1TCO,366,image,A person's hand is holding a scooper and putting ice cream into a glass of root beer.,சுவையான குளு குளு கட்டி,1
3QTFNPMJDBVPIVTMYIYU54P7NQ3NZO,A111ZFNLXK1TCO,366,image,A man in blue jeans and a brown jacket looks into a bag.,"மரங்கள் அடர்ந்த வனப்பகுதியில், ஆண் ஒருவர் கைப்பையை குனிந்து திறக்கிறார்.",1
3QTFNPMJDBVPIVTMYIYU54P7NQ3NZO,A111ZFNLXK1TCO,366,image,A man white had and black tie is smoking from a pipe.,கறுப்புத் திட்டு தொப்பி அணிந்த அதிகாரி கூர்மையாக ஒரு விஷயத்தைப் பார்த்தார்.,3
3QTFNPMJDBVPIVTMYIYU54P7NQ3NZO,A111ZFNLXK1TCO,366,image,someone standing on a stage in front of other people close to a microphone,ஆண்கள் பனி சறுக்கு விளையாட்டு  விளையாடுகிறார்கள்.,2
3QTFNPMJDBVPIVTMYIYU54P7NQ3NZO,A111ZFNLXK1TCO,366,image,A dark haired woman is applying lipstick.,சிவப்பு நிற லிப்ஸ்டிக் பயன்படுத்தி ஒரு அழகான பெண் ஒப்பனை பெறுகிறார்.,2
3QTFNPMJDBVPIVTMYIYU54P7NQ3NZO,A111ZFNLXK1TCO,366,gif,a man is laughing while holding a gun,ஒரு மனிதன் துப்பாக்கியை சிரித்துக்கொண்டே பயன்படுத்துகிறான்,4
3QTFNPMJDBVPIVTMYIYU54P7NQ3NZO,A111ZFNLXK1TCO,366,image,A person is taking a drink from a bottle while outside,நல்ல சூரியன் வெளிச்சத்தில் ஒருவர் பாட்டிலில் இருக்கும் பானத்தை அருந்துகிறார்.,4
3QTFNPMJDBVPIVTMYIYU54P7NQ3NZO,A111ZFNLXK1TCO,366,gif,a bird is climbing through a cardboard tube.,ஒரு வெள்ளை நிற பறவை குழாயினுள் புகுந்து வெளி வருகிறது.,4
3SU800BH9B5TZTC48NR3S65XQJBQUP,AERUGEPUVPX1R,417,gif,a person is trying to put a camel in the trunk of a car.,ஒருவன் விலங்கை காரில் அமர்த்துகிறான்,5
3SU800BH9B5TZTC48NR3S65XQJBQUP,AERUGEPUVPX1R,417,image,A man with long dark hair is speaking to a baby in his jacket.,குழந்தையை கதகதப்பாக்க தன் குளிர்கால உடைக்குள் வைத்திருக்கும் ஒருவர்.,4
3SU800BH9B5TZTC48NR3S65XQJBQUP,AERUGEPUVPX1R,417,image,A man wearing glasses is lighting a cigarette.,"அவர் புகைபிடிக்கத் தொடங்குகிறார்அவர் மைக்கில் பேசுகிறார் அல்லது பாடுகிறார்,",1
3SU800BH9B5TZTC48NR3S65XQJBQUP,AERUGEPUVPX1R,417,gif,a man on a motorcycle is jumping it over a police car.,மோட்டார் சைக்கிள் பறக்கிறது,4
3SU800BH9B5TZTC48NR3S65XQJBQUP,AERUGEPUVPX1R,417,image,A black man with a mustache has a serious look on his face.,இருட்டான பின்னணியில் காருக்குள் அமர்ந்திருக்கும் மனிதர் ஒருவர் வெளியே பார்வையிடுகிறார்.,2
3SU800BH9B5TZTC48NR3S65XQJBQUP,AERUGEPUVPX1R,417,gif,a cat has its head stuck inside of a box.,பூனை தலையில் மாட்டிக்கொண்டு விளையாடுகிறது,4
3SU800BH9B5TZTC48NR3S65XQJBQUP,AERUGEPUVPX1R,417,gif,a dog wearing a red cape is riding a scooter.,ஒரு நாய் வண்டி ஓட்டுகிறது,3
3SU800BH9B5TZTC48NR3S65XQJBQUP,AERUGEPUVPX1R,417,image,A girl with brown hair and a brown fluffy sweater is looking down and smiling.,மது பண கடையில் பெண்மணி மிகவும் மகிழ்ச்சியாக உள்ளார்,1
3SU800BH9B5TZTC48NR3S65XQJBQUP,AERUGEPUVPX1R,417,image,A man wearing a black jacket is sitting down and squinting.,ஒரு  கருப்பு நிற ஆடை அணிந்த ஆண் சிந்தித்து கொண்டுஇருக்கிறார்,2
3SU800BH9B5TZTC48NR3S65XQJBQUP,AERUGEPUVPX1R,417,image,A woman dressed in a revealing black dress exits a black car while a photographer takes her picture.,ஒரு மென்மையான மனிதர் ஒரு பிரபலத்தை ஒரு கேமரா முன் வரவேற்கிறார் .,3
3SU800BH9B5TZTC48NR3S65XQJBQUP,A2DCGTGSVHL9KM,330,gif,a person is trying to put a camel in the trunk of a car.,ஒருவன் விலங்கை காரில் அமர்த்துகிறான்,4
3SU800BH9B5TZTC48NR3S65XQJBQUP,A2DCGTGSVHL9KM,330,image,A man with long dark hair is speaking to a baby in his jacket.,குழந்தையை கதகதப்பாக்க தன் குளிர்கால உடைக்குள் வைத்திருக்கும் ஒருவர்.,3
3SU800BH9B5TZTC48NR3S65XQJBQUP,A2DCGTGSVHL9KM,330,image,A man wearing glasses is lighting a cigarette.,"அவர் புகைபிடிக்கத் தொடங்குகிறார்அவர் மைக்கில் பேசுகிறார் அல்லது பாடுகிறார்,",3
3SU800BH9B5TZTC48NR3S65XQJBQUP,A2DCGTGSVHL9KM,330,gif,a man on a motorcycle is jumping it over a police car.,மோட்டார் சைக்கிள் பறக்கிறது,1
3SU800BH9B5TZTC48NR3S65XQJBQUP,A2DCGTGSVHL9KM,330,image,A black man with a mustache has a serious look on his face.,இருட்டான பின்னணியில் காருக்குள் அமர்ந்திருக்கும் மனிதர் ஒருவர் வெளியே பார்வையிடுகிறார்.,2
3SU800BH9B5TZTC48NR3S65XQJBQUP,A2DCGTGSVHL9KM,330,gif,a cat has its head stuck inside of a box.,பூனை தலையில் மாட்டிக்கொண்டு விளையாடுகிறது,3
3SU800BH9B5TZTC48NR3S65XQJBQUP,A2DCGTGSVHL9KM,330,gif,a dog wearing a red cape is riding a scooter.,ஒரு நாய் வண்டி ஓட்டுகிறது,4
3SU800BH9B5TZTC48NR3S65XQJBQUP,A2DCGTGSVHL9KM,330,image,A girl with brown hair and a brown fluffy sweater is looking down and smiling.,மது பண கடையில் பெண்மணி மிகவும் மகிழ்ச்சியாக உள்ளார்,1
3SU800BH9B5TZTC48NR3S65XQJBQUP,A2DCGTGSVHL9KM,330,image,A man wearing a black jacket is sitting down and squinting.,ஒரு  கருப்பு நிற ஆடை அணிந்த ஆண் சிந்தித்து கொண்டுஇருக்கிறார்,5
3SU800BH9B5TZTC48NR3S65XQJBQUP,A2DCGTGSVHL9KM,330,image,A woman dressed in a revealing black dress exits a black car while a photographer takes her picture.,ஒரு மென்மையான மனிதர் ஒரு பிரபலத்தை ஒரு கேமரா முன் வரவேற்கிறார் .,3
3AFT28WXMKFL5Q4OZTALKYMMHN6IO1,AVYMEI908YXCT,480,gif,a man in a hat is walking up the stairs holding a bottle of water.,அவர் நடந்து சென்று கொண்டிருக்கிறார்,2
3AFT28WXMKFL5Q4OZTALKYMMHN6IO1,AVYMEI908YXCT,480,image,Two men are on stage holding guitars.,இசை கலைஞர் ஒருவர் தன் குழு உறுப்பினர்களின் இசையைக் கேட்ட பார்வையாளர்களுக்கு நன்றி தெரிவிக்கிறார்.,2
3AFT28WXMKFL5Q4OZTALKYMMHN6IO1,AVYMEI908YXCT,480,gif,a young man is making a heart shape with his hands and he smiles,நான் உன்னை நேசிக்கிறேன்,2
3AFT28WXMKFL5Q4OZTALKYMMHN6IO1,AVYMEI908YXCT,480,gif,this is a woman in a slinky dress blowing a kiss.,ஒரு பெண் முத்தம் கொடுக்கிறார்,3
3AFT28WXMKFL5Q4OZTALKYMMHN6IO1,AVYMEI908YXCT,480,gif,a young man in black is dancing and lifting up his shirt.,ஒருவர் நடனம் ஆடிக்  கொண்டு இருக்கிறார்,2
3AFT28WXMKFL5Q4OZTALKYMMHN6IO1,AVYMEI908YXCT,480,gif,a man is wearing sunglasses and smiling while wearing a suit,கோட் பூ பூஞ்சை நபர் நன்றாக உள்ளது,1
3AFT28WXMKFL5Q4OZTALKYMMHN6IO1,AVYMEI908YXCT,480,image,A woman looking through a enlarging glass.,ஒரு பெண் பூத கண்ணாடியில் பார்க்கிறாள்,4
3AFT28WXMKFL5Q4OZTALKYMMHN6IO1,AVYMEI908YXCT,480,gif,a group of men are fighting each other.,அனைவரும் சண்டை போட்டு கொண்டு இருக்கின்றனர்,5
3AFT28WXMKFL5Q4OZTALKYMMHN6IO1,AVYMEI908YXCT,480,gif,a man is lighting his cigarette with a lighter,ஒரு ஆண் சிகிரெட் பிடிக்கிறான்,4
3AFT28WXMKFL5Q4OZTALKYMMHN6IO1,AVYMEI908YXCT,480,gif,the men are singing and dancing in a car.,மூன்று நபர்கள் பாடி கொண்டு இருக்கிறார்கள்,3
3AFT28WXMKFL5Q4OZTALKYMMHN6IO1,A1IMRSDQ7RO9US,982,gif,a man in a hat is walking up the stairs holding a bottle of water.,அவர் நடந்து சென்று கொண்டிருக்கிறார்,2
3AFT28WXMKFL5Q4OZTALKYMMHN6IO1,A1IMRSDQ7RO9US,982,image,Two men are on stage holding guitars.,இசை கலைஞர் ஒருவர் தன் குழு உறுப்பினர்களின் இசையைக் கேட்ட பார்வையாளர்களுக்கு நன்றி தெரிவிக்கிறார்.,1
3AFT28WXMKFL5Q4OZTALKYMMHN6IO1,A1IMRSDQ7RO9US,982,gif,a young man is making a heart shape with his hands and he smiles,நான் உன்னை நேசிக்கிறேன்,1
3AFT28WXMKFL5Q4OZTALKYMMHN6IO1,A1IMRSDQ7RO9US,982,gif,this is a woman in a slinky dress blowing a kiss.,ஒரு பெண் முத்தம் கொடுக்கிறார்,3
3AFT28WXMKFL5Q4OZTALKYMMHN6IO1,A1IMRSDQ7RO9US,982,gif,a young man in black is dancing and lifting up his shirt.,ஒருவர் நடனம் ஆடிக்  கொண்டு இருக்கிறார்,3
3AFT28WXMKFL5Q4OZTALKYMMHN6IO1,A1IMRSDQ7RO9US,982,gif,a man is wearing sunglasses and smiling while wearing a suit,கோட் பூ பூஞ்சை நபர் நன்றாக உள்ளது,2
3AFT28WXMKFL5Q4OZTALKYMMHN6IO1,A1IMRSDQ7RO9US,982,image,A woman looking through a enlarging glass.,ஒரு பெண் பூத கண்ணாடியில் பார்க்கிறாள்,3
3AFT28WXMKFL5Q4OZTALKYMMHN6IO1,A1IMRSDQ7RO9US,982,gif,a group of men are fighting each other.,அனைவரும் சண்டை போட்டு கொண்டு இருக்கின்றனர்,5
3AFT28WXMKFL5Q4OZTALKYMMHN6IO1,A1IMRSDQ7RO9US,982,gif,a man is lighting his cigarette with a lighter,ஒரு ஆண் சிகிரெட் பிடிக்கிறான்,4
3AFT28WXMKFL5Q4OZTALKYMMHN6IO1,A1IMRSDQ7RO9US,982,gif,the men are singing and dancing in a car.,மூன்று நபர்கள் பாடி கொண்டு இருக்கிறார்கள்,2
3FI30CQHWPWLTCKETNWAHBWI1XSB6W,A1IMRSDQ7RO9US,561,gif,a woman is lighting a cigarette in her mouth,ஒரு பெண்  புகையை பற்ற வைக்கிறாள்,4
3FI30CQHWPWLTCKETNWAHBWI1XSB6W,A1IMRSDQ7RO9US,561,gif,this is a man putting something on his tongue.,சிகரெட்டை நாக்கால் அணைக்கிறார்,4
3FI30CQHWPWLTCKETNWAHBWI1XSB6W,A1IMRSDQ7RO9US,561,image,a woman with a odd look on her face.,என்னை போல் என் பல்லும் அழகுதான் என்று பல்லை காட்டும் வெளிநாட்டு பெண்,2
3FI30CQHWPWLTCKETNWAHBWI1XSB6W,A1IMRSDQ7RO9US,561,gif,a guy is making a move with his skateboard.,ஒரு பெண் சறுக்கு கட்டையில் ஏறி விளையாடிக்கொண்டிருக்கிறார்.,3
3FI30CQHWPWLTCKETNWAHBWI1XSB6W,A1IMRSDQ7RO9US,561,image,A man on a couch is holding up a cat.,தன் வளர்ப்பு நாய் உடனான அன்பை வெளிப்படுத்தும் ஆண்மகன்,2
3FI30CQHWPWLTCKETNWAHBWI1XSB6W,A1IMRSDQ7RO9US,561,image,A young man in a black shirt makes a heart shape with his hands.,தன் காதலை குறியீடாக வெளிப்படுத்துகிறான்,2
3FI30CQHWPWLTCKETNWAHBWI1XSB6W,A1IMRSDQ7RO9US,561,image,A man with long hair is putting a shirt on.,சட்டை இல்லாத நீண்ட கூந்தல் மனிதன் முகத்தை மறைக்கிறான் .,2
3FI30CQHWPWLTCKETNWAHBWI1XSB6W,A1IMRSDQ7RO9US,561,image,A woman holding a guitar is playing with her head back.,பாடும் ஆடும் அழகான பெண்,2
3FI30CQHWPWLTCKETNWAHBWI1XSB6W,A1IMRSDQ7RO9US,561,image,A  man in a trench coat is putting out a fire with a fire extinguisher.,தீ அணைப்பானுடன் தீயை அணைக்கும் நபர்.,3
3FI30CQHWPWLTCKETNWAHBWI1XSB6W,A1IMRSDQ7RO9US,561,image,A man with short hair sings with intensity.,ஆண் பார்வையாளர்களுக்கு முன் பாடலில் பாடுவது,3
3FI30CQHWPWLTCKETNWAHBWI1XSB6W,AVYMEI908YXCT,816,gif,a woman is lighting a cigarette in her mouth,ஒரு பெண்  புகையை பற்ற வைக்கிறாள்,3
3FI30CQHWPWLTCKETNWAHBWI1XSB6W,AVYMEI908YXCT,816,gif,this is a man putting something on his tongue.,சிகரெட்டை நாக்கால் அணைக்கிறார்,2
3FI30CQHWPWLTCKETNWAHBWI1XSB6W,AVYMEI908YXCT,816,image,a woman with a odd look on her face.,என்னை போல் என் பல்லும் அழகுதான் என்று பல்லை காட்டும் வெளிநாட்டு பெண்,1
3FI30CQHWPWLTCKETNWAHBWI1XSB6W,AVYMEI908YXCT,816,gif,a guy is making a move with his skateboard.,ஒரு பெண் சறுக்கு கட்டையில் ஏறி விளையாடிக்கொண்டிருக்கிறார்.,2
3FI30CQHWPWLTCKETNWAHBWI1XSB6W,AVYMEI908YXCT,816,image,A man on a couch is holding up a cat.,தன் வளர்ப்பு நாய் உடனான அன்பை வெளிப்படுத்தும் ஆண்மகன்,2
3FI30CQHWPWLTCKETNWAHBWI1XSB6W,AVYMEI908YXCT,816,image,A young man in a black shirt makes a heart shape with his hands.,தன் காதலை குறியீடாக வெளிப்படுத்துகிறான்,1
3FI30CQHWPWLTCKETNWAHBWI1XSB6W,AVYMEI908YXCT,816,image,A man with long hair is putting a shirt on.,சட்டை இல்லாத நீண்ட கூந்தல் மனிதன் முகத்தை மறைக்கிறான் .,1
3FI30CQHWPWLTCKETNWAHBWI1XSB6W,AVYMEI908YXCT,816,image,A woman holding a guitar is playing with her head back.,பாடும் ஆடும் அழகான பெண்,1
3FI30CQHWPWLTCKETNWAHBWI1XSB6W,AVYMEI908YXCT,816,image,A  man in a trench coat is putting out a fire with a fire extinguisher.,தீ அணைப்பானுடன் தீயை அணைக்கும் நபர்.,2
3FI30CQHWPWLTCKETNWAHBWI1XSB6W,AVYMEI908YXCT,816,image,A man with short hair sings with intensity.,ஆண் பார்வையாளர்களுக்கு முன் பாடலில் பாடுவது,3
30P8I9JKPNY4JMI6TLD5QHCP8UX5VG,AVYMEI908YXCT,370,image,A person on a black motorcycle jumps over a car and truck filled with wooden crates.,ஒரு இளைஞர் இருசக்கர வாகனத்தில் பறக்கிறார்,2
30P8I9JKPNY4JMI6TLD5QHCP8UX5VG,AVYMEI908YXCT,370,image,A infant is smiling while sitting in a toy car.,அழகான புன்னகையை உதிர்த்தவாறே  தன்னுடைய பொம்மை வண்டியை ஓட்டி கொண்டிருக்கிறது ஒரு குழந்தை,4
30P8I9JKPNY4JMI6TLD5QHCP8UX5VG,AVYMEI908YXCT,370,gif,a man with a towel is talking to someone,ஒருவன் அசைந்து அசைந்து பேசுகிறான்,2
30P8I9JKPNY4JMI6TLD5QHCP8UX5VG,AVYMEI908YXCT,370,image,Two women sticking out their tongues.,அவர்கள் இருவரும் புகைப்படம் எடுத்துக்கொண்டிருக்கின்றனர்,1
30P8I9JKPNY4JMI6TLD5QHCP8UX5VG,AVYMEI908YXCT,370,image,An older woman with bright lip stick lights a cigarette in her mouth.,சிவப்பு சாயம் பூசிய உதட்டில் புகை பிடிக்கும் பெண்.,4
30P8I9JKPNY4JMI6TLD5QHCP8UX5VG,AVYMEI908YXCT,370,image,A young Asian woman is smiling and making a heart shape with her hands.,அழகான இளம்பெண் தன் அன்பை வெளிப்படுத்துகிறாள்.,2
30P8I9JKPNY4JMI6TLD5QHCP8UX5VG,AVYMEI908YXCT,370,gif,a man is sitting in a chair going through papers.,ஒருவர் பேப்பரை அடுத்தடுத்து பார்க்கிறார்,3
30P8I9JKPNY4JMI6TLD5QHCP8UX5VG,AVYMEI908YXCT,370,image,A woman with her hair pulled up is smoking a cigarette and looking down.,ஒரு பெண் தன் கையில் சிகரெட்டை வைத்திருக்கிறாள்.,3
30P8I9JKPNY4JMI6TLD5QHCP8UX5VG,AVYMEI908YXCT,370,image,Two men are running on a blue indoor track.,இரண்டு பேர் உள் விளையாட்டு அரங்கில் ஓடிப் பயிற்சி செய்து கொண்டிருக்கின்றனர்.,3
30P8I9JKPNY4JMI6TLD5QHCP8UX5VG,AVYMEI908YXCT,370,gif,a man is kissing a woman on the for head.,இவன் காதலிக்கு அன்புடன் முத்தமிடுகிறான்,4
30P8I9JKPNY4JMI6TLD5QHCP8UX5VG,A1IMRSDQ7RO9US,699,image,A person on a black motorcycle jumps over a car and truck filled with wooden crates.,ஒரு இளைஞர் இருசக்கர வாகனத்தில் பறக்கிறார்,3
30P8I9JKPNY4JMI6TLD5QHCP8UX5VG,A1IMRSDQ7RO9US,699,image,A infant is smiling while sitting in a toy car.,அழகான புன்னகையை உதிர்த்தவாறே  தன்னுடைய பொம்மை வண்டியை ஓட்டி கொண்டிருக்கிறது ஒரு குழந்தை,1
30P8I9JKPNY4JMI6TLD5QHCP8UX5VG,A1IMRSDQ7RO9US,699,gif,a man with a towel is talking to someone,ஒருவன் அசைந்து அசைந்து பேசுகிறான்,4
30P8I9JKPNY4JMI6TLD5QHCP8UX5VG,A1IMRSDQ7RO9US,699,image,Two women sticking out their tongues.,அவர்கள் இருவரும் புகைப்படம் எடுத்துக்கொண்டிருக்கின்றனர்,1
30P8I9JKPNY4JMI6TLD5QHCP8UX5VG,A1IMRSDQ7RO9US,699,image,An older woman with bright lip stick lights a cigarette in her mouth.,சிவப்பு சாயம் பூசிய உதட்டில் புகை பிடிக்கும் பெண்.,5
30P8I9JKPNY4JMI6TLD5QHCP8UX5VG,A1IMRSDQ7RO9US,699,image,A young Asian woman is smiling and making a heart shape with her hands.,அழகான இளம்பெண் தன் அன்பை வெளிப்படுத்துகிறாள்.,3
30P8I9JKPNY4JMI6TLD5QHCP8UX5VG,A1IMRSDQ7RO9US,699,gif,a man is sitting in a chair going through papers.,ஒருவர் பேப்பரை அடுத்தடுத்து பார்க்கிறார்,3
30P8I9JKPNY4JMI6TLD5QHCP8UX5VG,A1IMRSDQ7RO9US,699,image,A woman with her hair pulled up is smoking a cigarette and looking down.,ஒரு பெண் தன் கையில் சிகரெட்டை வைத்திருக்கிறாள்.,3
30P8I9JKPNY4JMI6TLD5QHCP8UX5VG,A1IMRSDQ7RO9US,699,image,Two men are running on a blue indoor track.,இரண்டு பேர் உள் விளையாட்டு அரங்கில் ஓடிப் பயிற்சி செய்து கொண்டிருக்கின்றனர்.,1
30P8I9JKPNY4JMI6TLD5QHCP8UX5VG,A1IMRSDQ7RO9US,699,gif,a man is kissing a woman on the for head.,இவன் காதலிக்கு அன்புடன் முத்தமிடுகிறான்,4
3YKP7CX6H7S4XCYJCX12NPWEW8CB7V,AVYMEI908YXCT,615,image,A man listens to another man while chewing on a toothpick.,ௐரு ஆண் தனது வாயில் புகையிலை வைத்திருக்கிறார்.,1
3YKP7CX6H7S4XCYJCX12NPWEW8CB7V,AVYMEI908YXCT,615,image,A young man is smiling while holding his hands in the air.,விளையாட்டு சீருடை அணிந்த ஒருவர் இரு உள்ளங்கைகளும் தெரிவது போன்று கைகளை உயர்த்தி பார்வையாளர்களுக்கு தன்னுடைய மகிழ்ச்சியை வெளிப்படுத்துகிறார்.,2
3YKP7CX6H7S4XCYJCX12NPWEW8CB7V,AVYMEI908YXCT,615,gif,a goat is eating peanut butter from a spoon.,ஒரு ஆடு உணவு சாப்பிடுகிறது,3
3YKP7CX6H7S4XCYJCX12NPWEW8CB7V,AVYMEI908YXCT,615,gif,a woman yells at a man sitting in a chair.,ஒரு மனிதன் நாற்காலியில் பின்னாடி சாய்கிறான்,3
3YKP7CX6H7S4XCYJCX12NPWEW8CB7V,AVYMEI908YXCT,615,image,Two stylish young asian men are looking down at something.,மேடை கலைஞர் பார்வையாளர்களுடன் தொடர்பு கொள்கிறார்கள்.,2
3YKP7CX6H7S4XCYJCX12NPWEW8CB7V,AVYMEI908YXCT,615,image,A man with bleached blond hair is singing into a microphone.,"வெண்ணிற தலை முடியுடன், ஒலி வாங்கியின் முன் ஆண் ஒருவர் நின்றுள்ளார்.",3
3YKP7CX6H7S4XCYJCX12NPWEW8CB7V,AVYMEI908YXCT,615,image,A man wearing white is playing an electric guitar on stage.,இது ஒரு இசைக் கலைஞரின் கிதார் மிகவும் தீவிரமாக வாசிக்கும் படம்,2
3YKP7CX6H7S4XCYJCX12NPWEW8CB7V,AVYMEI908YXCT,615,image,A dog running in  circles.,கருப்பு பூனை ஒன்று தரையில் ஓடுகிறது,2
3YKP7CX6H7S4XCYJCX12NPWEW8CB7V,AVYMEI908YXCT,615,image,A woman with long dark hair is looking over her shoulder.,"கருப்பு நிற உடை அணிந்த பெண், சாலையை காட்டுகிறாள்.",1
3YKP7CX6H7S4XCYJCX12NPWEW8CB7V,AVYMEI908YXCT,615,gif,several people are ice skating on a link.,அனைவரும் விளையாட்டு மைதானத்தில் விளையாடுகின்றன,3
3YKP7CX6H7S4XCYJCX12NPWEW8CB7V,A111ZFNLXK1TCO,225,image,A man listens to another man while chewing on a toothpick.,ௐரு ஆண் தனது வாயில் புகையிலை வைத்திருக்கிறார்.,3
3YKP7CX6H7S4XCYJCX12NPWEW8CB7V,A111ZFNLXK1TCO,225,image,A young man is smiling while holding his hands in the air.,விளையாட்டு சீருடை அணிந்த ஒருவர் இரு உள்ளங்கைகளும் தெரிவது போன்று கைகளை உயர்த்தி பார்வையாளர்களுக்கு தன்னுடைய மகிழ்ச்சியை வெளிப்படுத்துகிறார்.,1
3YKP7CX6H7S4XCYJCX12NPWEW8CB7V,A111ZFNLXK1TCO,225,gif,a goat is eating peanut butter from a spoon.,ஒரு ஆடு உணவு சாப்பிடுகிறது,2
3YKP7CX6H7S4XCYJCX12NPWEW8CB7V,A111ZFNLXK1TCO,225,gif,a woman yells at a man sitting in a chair.,ஒரு மனிதன் நாற்காலியில் பின்னாடி சாய்கிறான்,2
3YKP7CX6H7S4XCYJCX12NPWEW8CB7V,A111ZFNLXK1TCO,225,image,Two stylish young asian men are looking down at something.,மேடை கலைஞர் பார்வையாளர்களுடன் தொடர்பு கொள்கிறார்கள்.,1
3YKP7CX6H7S4XCYJCX12NPWEW8CB7V,A111ZFNLXK1TCO,225,image,A man with bleached blond hair is singing into a microphone.,"வெண்ணிற தலை முடியுடன், ஒலி வாங்கியின் முன் ஆண் ஒருவர் நின்றுள்ளார்.",4
3YKP7CX6H7S4XCYJCX12NPWEW8CB7V,A111ZFNLXK1TCO,225,image,A man wearing white is playing an electric guitar on stage.,இது ஒரு இசைக் கலைஞரின் கிதார் மிகவும் தீவிரமாக வாசிக்கும் படம்,3
3YKP7CX6H7S4XCYJCX12NPWEW8CB7V,A111ZFNLXK1TCO,225,image,A dog running in  circles.,கருப்பு பூனை ஒன்று தரையில் ஓடுகிறது,5
3YKP7CX6H7S4XCYJCX12NPWEW8CB7V,A111ZFNLXK1TCO,225,image,A woman with long dark hair is looking over her shoulder.,"கருப்பு நிற உடை அணிந்த பெண், சாலையை காட்டுகிறாள்.",3
3YKP7CX6H7S4XCYJCX12NPWEW8CB7V,A111ZFNLXK1TCO,225,gif,several people are ice skating on a link.,அனைவரும் விளையாட்டு மைதானத்தில் விளையாடுகின்றன,1
3NQUW096OBLKO48OI7OGFOJP3SEL94,A33Z442WJQ8ADC,117,gif,a man puts on a shirt and walks away.,இவன் மிக அவசரமாக கிளம்புகிறான்,4
3NQUW096OBLKO48OI7OGFOJP3SEL94,A33Z442WJQ8ADC,117,image,a person looking up at the ceiling most likely in distress.,ஒரு பெண் அண்ணாந்து பார்க்கிறார்.,2
3NQUW096OBLKO48OI7OGFOJP3SEL94,A33Z442WJQ8ADC,117,image,A woman wearing a gold dress is blowing a kiss.,ஒரு அழகான பெண் கையின் மூலம் முத்தம் கொடுக்கிறாள்,5
3NQUW096OBLKO48OI7OGFOJP3SEL94,A33Z442WJQ8ADC,117,gif,a man is gets an animal in a bag,ஒருவன் பையில் விலங்கை எடுத்து செல்கிறான்,2
3NQUW096OBLKO48OI7OGFOJP3SEL94,A33Z442WJQ8ADC,117,gif,a green race car is driving slow on a track,ஒருவன் ஓட்டப்பந்தய மகிழுந்தை ஓட்டுகின்றான்.,4
3NQUW096OBLKO48OI7OGFOJP3SEL94,A33Z442WJQ8ADC,117,image,A woman in a white dress plays a violin in a grassy field.,இயற்கை சுழ்நிலையில் தன்னுடைய இசை கருவியால் மெய்மறந்து இசைக்கின்றார் இந்த பெண்மணி.,4
3NQUW096OBLKO48OI7OGFOJP3SEL94,A33Z442WJQ8ADC,117,image,A man wearing blue jeans and a black jacket is jumping near a dinning table.,ஒரு இளைஞர் நடனம் ஆடுகிறார்,3
3NQUW096OBLKO48OI7OGFOJP3SEL94,A33Z442WJQ8ADC,117,gif,a man stands up with a cat on his head.,ஒரு மனிதன் தலையில் ஒரு பூனைக்குட்டி வைத்திருக்கிறான்,4
3NQUW096OBLKO48OI7OGFOJP3SEL94,A33Z442WJQ8ADC,117,image,A person in sunglasses and headphones looks into the camera.,ஆண் ஹெட்ஃபோன்களில் பாடலைக் கேட்பது,3
3NQUW096OBLKO48OI7OGFOJP3SEL94,A33Z442WJQ8ADC,117,gif,a man in a cape throws some water into a car.,ஒருவன் மகிழுந்தில் இருப்பர்வர்கள் மீது குப்பை தூக்கி வீசுகிறான்.,3
3NQUW096OBLKO48OI7OGFOJP3SEL94,AVYMEI908YXCT,136,gif,a man puts on a shirt and walks away.,இவன் மிக அவசரமாக கிளம்புகிறான்,3
3NQUW096OBLKO48OI7OGFOJP3SEL94,AVYMEI908YXCT,136,image,a person looking up at the ceiling most likely in distress.,ஒரு பெண் அண்ணாந்து பார்க்கிறார்.,2
3NQUW096OBLKO48OI7OGFOJP3SEL94,AVYMEI908YXCT,136,image,A woman wearing a gold dress is blowing a kiss.,ஒரு அழகான பெண் கையின் மூலம் முத்தம் கொடுக்கிறாள்,2
3NQUW096OBLKO48OI7OGFOJP3SEL94,AVYMEI908YXCT,136,gif,a man is gets an animal in a bag,ஒருவன் பையில் விலங்கை எடுத்து செல்கிறான்,3
3NQUW096OBLKO48OI7OGFOJP3SEL94,AVYMEI908YXCT,136,gif,a green race car is driving slow on a track,ஒருவன் ஓட்டப்பந்தய மகிழுந்தை ஓட்டுகின்றான்.,1
3NQUW096OBLKO48OI7OGFOJP3SEL94,AVYMEI908YXCT,136,image,A woman in a white dress plays a violin in a grassy field.,இயற்கை சுழ்நிலையில் தன்னுடைய இசை கருவியால் மெய்மறந்து இசைக்கின்றார் இந்த பெண்மணி.,2
3NQUW096OBLKO48OI7OGFOJP3SEL94,AVYMEI908YXCT,136,image,A man wearing blue jeans and a black jacket is jumping near a dinning table.,ஒரு இளைஞர் நடனம் ஆடுகிறார்,1
3NQUW096OBLKO48OI7OGFOJP3SEL94,AVYMEI908YXCT,136,gif,a man stands up with a cat on his head.,ஒரு மனிதன் தலையில் ஒரு பூனைக்குட்டி வைத்திருக்கிறான்,4
3NQUW096OBLKO48OI7OGFOJP3SEL94,AVYMEI908YXCT,136,image,A person in sunglasses and headphones looks into the camera.,ஆண் ஹெட்ஃபோன்களில் பாடலைக் கேட்பது,1
3NQUW096OBLKO48OI7OGFOJP3SEL94,AVYMEI908YXCT,136,gif,a man in a cape throws some water into a car.,ஒருவன் மகிழுந்தில் இருப்பர்வர்கள் மீது குப்பை தூக்கி வீசுகிறான்.,2
3KVQ0UJWQ2YHYBIBJVI1CJV3F3Z5WQ,AW8C7BLRB8CZG,208,image,A man in a red button up shirt is in a wooded area with an angry expression on his face.,யாரோ ஒருவரின் வருகையை எதிர்பார்த்து காத்துக் கொண்டிருக்கிறார்.,1
3KVQ0UJWQ2YHYBIBJVI1CJV3F3Z5WQ,AW8C7BLRB8CZG,208,image,A man is holding a cigarette with his lips.,நிகழ்ச்சியை தொகுத்து வழங்கும் மனிதன்.,1
3KVQ0UJWQ2YHYBIBJVI1CJV3F3Z5WQ,AW8C7BLRB8CZG,208,image,A race car is driving on a racetrack.,ௐரு பந்தய கார் ஓடுதளத்தில் வந்துகொண்டிருக்கின்றது.,5
3KVQ0UJWQ2YHYBIBJVI1CJV3F3Z5WQ,AW8C7BLRB8CZG,208,gif,a man is hitting another man in the face with a bat.,ஒரு மனிதன் மற்றொரு மனிதனை மரக்கட்டையால் தாக்குகிறான்,4
3KVQ0UJWQ2YHYBIBJVI1CJV3F3Z5WQ,AW8C7BLRB8CZG,208,image,A man is laying back on a pillow and lighting a cigarette with a match.,தீ குச்சியால் தன்னுடைய சிகரெட்டை அணையாமல் தீ வைக்கிறார் இந்த மனிதர்.,2
3KVQ0UJWQ2YHYBIBJVI1CJV3F3Z5WQ,AW8C7BLRB8CZG,208,image,A man in sunglasses is smiling.,கருப்பு கண்ணாடி அணிந்த ஒருவன்.,2
3KVQ0UJWQ2YHYBIBJVI1CJV3F3Z5WQ,AW8C7BLRB8CZG,208,gif,a group of people are walking down the street together,அனைவரும் ரோட்டில் நடந்தது செல்கிறார்கள்,4
3KVQ0UJWQ2YHYBIBJVI1CJV3F3Z5WQ,AW8C7BLRB8CZG,208,gif,a man riding a motorcycle stares at the sky and a face goes by in the sky.,அவர் தனது பைக்கில் வேகமாக சென்று கொண்டிருக்கிறார்,2
3KVQ0UJWQ2YHYBIBJVI1CJV3F3Z5WQ,AW8C7BLRB8CZG,208,gif,this is a man with a guitar giving a bow.,அனைவரும் இசைத்து கொண்டு இருக்கிறார்கள்,2
3KVQ0UJWQ2YHYBIBJVI1CJV3F3Z5WQ,AW8C7BLRB8CZG,208,image,A man is leaning over a young woman who is sleeping on a couch.,உறங்கும் பெண்ணை உற்று கவனிக்கும் ஆண்.,2
3KVQ0UJWQ2YHYBIBJVI1CJV3F3Z5WQ,AVYMEI908YXCT,240,image,A man in a red button up shirt is in a wooded area with an angry expression on his face.,யாரோ ஒருவரின் வருகையை எதிர்பார்த்து காத்துக் கொண்டிருக்கிறார்.,1
3KVQ0UJWQ2YHYBIBJVI1CJV3F3Z5WQ,AVYMEI908YXCT,240,image,A man is holding a cigarette with his lips.,நிகழ்ச்சியை தொகுத்து வழங்கும் மனிதன்.,1
3KVQ0UJWQ2YHYBIBJVI1CJV3F3Z5WQ,AVYMEI908YXCT,240,image,A race car is driving on a racetrack.,ௐரு பந்தய கார் ஓடுதளத்தில் வந்துகொண்டிருக்கின்றது.,4
3KVQ0UJWQ2YHYBIBJVI1CJV3F3Z5WQ,AVYMEI908YXCT,240,gif,a man is hitting another man in the face with a bat.,ஒரு மனிதன் மற்றொரு மனிதனை மரக்கட்டையால் தாக்குகிறான்,3
3KVQ0UJWQ2YHYBIBJVI1CJV3F3Z5WQ,AVYMEI908YXCT,240,image,A man is laying back on a pillow and lighting a cigarette with a match.,தீ குச்சியால் தன்னுடைய சிகரெட்டை அணையாமல் தீ வைக்கிறார் இந்த மனிதர்.,2
3KVQ0UJWQ2YHYBIBJVI1CJV3F3Z5WQ,AVYMEI908YXCT,240,image,A man in sunglasses is smiling.,கருப்பு கண்ணாடி அணிந்த ஒருவன்.,3
3KVQ0UJWQ2YHYBIBJVI1CJV3F3Z5WQ,AVYMEI908YXCT,240,gif,a group of people are walking down the street together,அனைவரும் ரோட்டில் நடந்தது செல்கிறார்கள்,5
3KVQ0UJWQ2YHYBIBJVI1CJV3F3Z5WQ,AVYMEI908YXCT,240,gif,a man riding a motorcycle stares at the sky and a face goes by in the sky.,அவர் தனது பைக்கில் வேகமாக சென்று கொண்டிருக்கிறார்,2
3KVQ0UJWQ2YHYBIBJVI1CJV3F3Z5WQ,AVYMEI908YXCT,240,gif,this is a man with a guitar giving a bow.,அனைவரும் இசைத்து கொண்டு இருக்கிறார்கள்,2
3KVQ0UJWQ2YHYBIBJVI1CJV3F3Z5WQ,AVYMEI908YXCT,240,image,A man is leaning over a young woman who is sleeping on a couch.,உறங்கும் பெண்ணை உற்று கவனிக்கும் ஆண்.,3
3QD8LUVX52BWNBN1T0ENE29AO555XJ,A2WI5DVHW58TY4,310,gif,a man in a black shirt is drinking out of a wine glass,ஒருவன் மது அருந்துகிறான்,4
3QD8LUVX52BWNBN1T0ENE29AO555XJ,A2WI5DVHW58TY4,310,image,A young man is singing into a microhpone.,தோளில் இசைக்கருவியுடன் ஒலிபெருக்கியில் பாடும் இளைஞன்.,3
3QD8LUVX52BWNBN1T0ENE29AO555XJ,A2WI5DVHW58TY4,310,gif,a short man in a red suit is dancing.,ஒரு ஆண் நடனம் ஆடுகிறான்,4
3QD8LUVX52BWNBN1T0ENE29AO555XJ,A2WI5DVHW58TY4,310,gif,the woman is playing the violin in a field.,அவள் வயலின் வாசித்து கொண்டு இருக்கிறாள்,4
3QD8LUVX52BWNBN1T0ENE29AO555XJ,A2WI5DVHW58TY4,310,image,A little person in a red suit stands in front of a red curtain.,அடர்சிவப்பு நிறத்தில் உடையணிந்த குள்ளமானவரின் பின்னணியிலும் அடர்சிவப்பு நிற திரைச்சீலை.,3
3QD8LUVX52BWNBN1T0ENE29AO555XJ,A2WI5DVHW58TY4,310,gif,a man is putting out a fire with a fire extinguisher,ஒருவர் தீயை அணைக்க முயற்சி செய்கிறார்,4
3QD8LUVX52BWNBN1T0ENE29AO555XJ,A2WI5DVHW58TY4,310,gif,a man is looking straight ahead and pointing his finger,அவன் ஒருவரை பார்த்து சிரிக்கின்றான் .,2
3QD8LUVX52BWNBN1T0ENE29AO555XJ,A2WI5DVHW58TY4,310,image,A man is in a public square attacking a person in a costume.,ஒரு நபர் மற்றொரு தேவையற்ற நபரை காலி செய்ய வைக்கிறார்,3
3QD8LUVX52BWNBN1T0ENE29AO555XJ,A2WI5DVHW58TY4,310,gif,a man lifts up a woman who is sleeping on a couch.,அவள் தூங்கும் போது அவன் அவளை அவன் தூக்குகின்றான் .,4
3QD8LUVX52BWNBN1T0ENE29AO555XJ,A2WI5DVHW58TY4,310,gif,the woman is making a heart with her hands.,ஒரு பெண் கைகளை  வைத்து நடனம் ஆடுகிறாள்,1
3QD8LUVX52BWNBN1T0ENE29AO555XJ,A33Z442WJQ8ADC,145,gif,a man in a black shirt is drinking out of a wine glass,ஒருவன் மது அருந்துகிறான்,4
3QD8LUVX52BWNBN1T0ENE29AO555XJ,A33Z442WJQ8ADC,145,image,A young man is singing into a microhpone.,தோளில் இசைக்கருவியுடன் ஒலிபெருக்கியில் பாடும் இளைஞன்.,1
3QD8LUVX52BWNBN1T0ENE29AO555XJ,A33Z442WJQ8ADC,145,gif,a short man in a red suit is dancing.,ஒரு ஆண் நடனம் ஆடுகிறான்,4
3QD8LUVX52BWNBN1T0ENE29AO555XJ,A33Z442WJQ8ADC,145,gif,the woman is playing the violin in a field.,அவள் வயலின் வாசித்து கொண்டு இருக்கிறாள்,4
3QD8LUVX52BWNBN1T0ENE29AO555XJ,A33Z442WJQ8ADC,145,image,A little person in a red suit stands in front of a red curtain.,அடர்சிவப்பு நிறத்தில் உடையணிந்த குள்ளமானவரின் பின்னணியிலும் அடர்சிவப்பு நிற திரைச்சீலை.,3
3QD8LUVX52BWNBN1T0ENE29AO555XJ,A33Z442WJQ8ADC,145,gif,a man is putting out a fire with a fire extinguisher,ஒருவர் தீயை அணைக்க முயற்சி செய்கிறார்,4
3QD8LUVX52BWNBN1T0ENE29AO555XJ,A33Z442WJQ8ADC,145,gif,a man is looking straight ahead and pointing his finger,அவன் ஒருவரை பார்த்து சிரிக்கின்றான் .,2
3QD8LUVX52BWNBN1T0ENE29AO555XJ,A33Z442WJQ8ADC,145,image,A man is in a public square attacking a person in a costume.,ஒரு நபர் மற்றொரு தேவையற்ற நபரை காலி செய்ய வைக்கிறார்,3
3QD8LUVX52BWNBN1T0ENE29AO555XJ,A33Z442WJQ8ADC,145,gif,a man lifts up a woman who is sleeping on a couch.,அவள் தூங்கும் போது அவன் அவளை அவன் தூக்குகின்றான் .,4
3QD8LUVX52BWNBN1T0ENE29AO555XJ,A33Z442WJQ8ADC,145,gif,the woman is making a heart with her hands.,ஒரு பெண் கைகளை  வைத்து நடனம் ஆடுகிறாள்,4
32L724R86QX3QQGPETN09YRCRS2IPI,A2WI5DVHW58TY4,1090,image,A man in a cowboy hat is signing into a microhpone.,ஒருவர் ஒலிபெருக்கியில்  பாட்டு பாடுகிறார்.,3
32L724R86QX3QQGPETN09YRCRS2IPI,A2WI5DVHW58TY4,1090,image,a man with his eyes shut singing into a microphone.,பாடும் நானும் மெய்மறந்தேன் என்று பாடகரும் கண்ணை மூடிக்கொண்டார்,3
32L724R86QX3QQGPETN09YRCRS2IPI,A2WI5DVHW58TY4,1090,gif,a man is feeding a group of pigeons.,அவன் பறவைகளுக்கு உணவு கொடுக்கின்றான்,4
32L724R86QX3QQGPETN09YRCRS2IPI,A2WI5DVHW58TY4,1090,image,A man holds a pillow in the air.,சட்டை இல்லாத ஒரு மனிதன் ஒரு பைக்குள் ஏதோ பார்க்கிறான் .,1
32L724R86QX3QQGPETN09YRCRS2IPI,A2WI5DVHW58TY4,1090,image,A person in black clothing is putting something into the trunk of a gray car.,ஒரு நபர் தனது வாகனத்தின் பின்புறத்தில் ஒரு சிறிய ஒட்டகத்தை ஏற்றுகிறார்.,1
32L724R86QX3QQGPETN09YRCRS2IPI,A2WI5DVHW58TY4,1090,gif,a fox is diving into the snow.,நரி பனியுடன் மகிழ்ச்சியை விளையாடுகிறது,4
32L724R86QX3QQGPETN09YRCRS2IPI,A2WI5DVHW58TY4,1090,image,There is a shelf in a closet with some hangers.,கண்ணாடி குடுவை ஒரு அலமாரி மீது வைக்கப்பட்டுள்ளது .,2
32L724R86QX3QQGPETN09YRCRS2IPI,A2WI5DVHW58TY4,1090,gif,a dog is fighting with a raccoon in a toilet,நாய்கள் விளையாடி கொண்டு இருக்கிறது,2
32L724R86QX3QQGPETN09YRCRS2IPI,A2WI5DVHW58TY4,1090,image,A boy sits smiling in a classroom.,ௐரு ஆண் அழகாக புண்ணகைத்துக்கொண்டிருக்கிறார்.,4
32L724R86QX3QQGPETN09YRCRS2IPI,A2WI5DVHW58TY4,1090,gif,a man stood on a table playing a guitar.,"கருப்பு நிற மேல் சட்டையும், மெல்லிய நீல நிற காற்சட்டையும் அணிந்த ஒருவர் கையில் ஏந்திய இசைக்கருவியுடன் கீழே குதிக்க, சாம்பல் நிற உடை அணிந்த ஒருவர் கையை அசைக்கிறார்.",1
32L724R86QX3QQGPETN09YRCRS2IPI,A33Z442WJQ8ADC,129,image,A man in a cowboy hat is signing into a microhpone.,ஒருவர் ஒலிபெருக்கியில்  பாட்டு பாடுகிறார்.,3
32L724R86QX3QQGPETN09YRCRS2IPI,A33Z442WJQ8ADC,129,image,a man with his eyes shut singing into a microphone.,பாடும் நானும் மெய்மறந்தேன் என்று பாடகரும் கண்ணை மூடிக்கொண்டார்,3
32L724R86QX3QQGPETN09YRCRS2IPI,A33Z442WJQ8ADC,129,gif,a man is feeding a group of pigeons.,அவன் பறவைகளுக்கு உணவு கொடுக்கின்றான்,4
32L724R86QX3QQGPETN09YRCRS2IPI,A33Z442WJQ8ADC,129,image,A man holds a pillow in the air.,சட்டை இல்லாத ஒரு மனிதன் ஒரு பைக்குள் ஏதோ பார்க்கிறான் .,2
32L724R86QX3QQGPETN09YRCRS2IPI,A33Z442WJQ8ADC,129,image,A person in black clothing is putting something into the trunk of a gray car.,ஒரு நபர் தனது வாகனத்தின் பின்புறத்தில் ஒரு சிறிய ஒட்டகத்தை ஏற்றுகிறார்.,3
32L724R86QX3QQGPETN09YRCRS2IPI,A33Z442WJQ8ADC,129,gif,a fox is diving into the snow.,நரி பனியுடன் மகிழ்ச்சியை விளையாடுகிறது,4
32L724R86QX3QQGPETN09YRCRS2IPI,A33Z442WJQ8ADC,129,image,There is a shelf in a closet with some hangers.,கண்ணாடி குடுவை ஒரு அலமாரி மீது வைக்கப்பட்டுள்ளது .,3
32L724R86QX3QQGPETN09YRCRS2IPI,A33Z442WJQ8ADC,129,gif,a dog is fighting with a raccoon in a toilet,நாய்கள் விளையாடி கொண்டு இருக்கிறது,3
32L724R86QX3QQGPETN09YRCRS2IPI,A33Z442WJQ8ADC,129,image,A boy sits smiling in a classroom.,ௐரு ஆண் அழகாக புண்ணகைத்துக்கொண்டிருக்கிறார்.,3
32L724R86QX3QQGPETN09YRCRS2IPI,A33Z442WJQ8ADC,129,gif,a man stood on a table playing a guitar.,"கருப்பு நிற மேல் சட்டையும், மெல்லிய நீல நிற காற்சட்டையும் அணிந்த ஒருவர் கையில் ஏந்திய இசைக்கருவியுடன் கீழே குதிக்க, சாம்பல் நிற உடை அணிந்த ஒருவர் கையை அசைக்கிறார்.",2
3VDI8GSXBK64O7BD2OLM20J6N5A8GW,A2DCGTGSVHL9KM,302,image,A crowd of people are gathered in a dimly lit room with torches.,கூட்டத்தில் சிலர் சண்டையிட்டுக் கொள்கின்றனர்.,1
3VDI8GSXBK64O7BD2OLM20J6N5A8GW,A2DCGTGSVHL9KM,302,gif,a man wearing sunglasses is speaking into a microphone.,ஒரு ஆண் ஒழிப்பறிக்கியில் படுகிறான்,2
3VDI8GSXBK64O7BD2OLM20J6N5A8GW,A2DCGTGSVHL9KM,302,image,A woman covered up in bed is looking off into the distance.,இந்த பெண்மணி காலையில் படுக்கையிலிருந்து எதிர்பார்த்தபடி எழுத்துருக்கின்றாள்,3
3VDI8GSXBK64O7BD2OLM20J6N5A8GW,A2DCGTGSVHL9KM,302,image,A young woman gestures with one hand as she speaks to someone off camera.,இந்த பெண்ணின் பார்வையில் மற்றவர்களை கவரும் காந்த சக்தி உள்ளது.,1
3VDI8GSXBK64O7BD2OLM20J6N5A8GW,A2DCGTGSVHL9KM,302,gif,a woman is singing and playing the guitar.,அவளுடைய தலைமுடி மிகவும் அழகாக இருக்கிறது,1
3VDI8GSXBK64O7BD2OLM20J6N5A8GW,A2DCGTGSVHL9KM,302,gif,a man is singing into a microphone while holding a guitar.,அவர் ஒரு பாடல் பாடுகிறார்,4
3VDI8GSXBK64O7BD2OLM20J6N5A8GW,A2DCGTGSVHL9KM,302,image,A man is riding in the car with a bandage on his face.,வலது புருவத்தில் காயத்துடன் கண்ணைமூடிக் கொண்டிருக்கும் ஒருவன்.,3
3VDI8GSXBK64O7BD2OLM20J6N5A8GW,A2DCGTGSVHL9KM,302,image,A man with a goatee and black sunglasses is smiling into a microphone.,"அவர் மைக்கில் பேசுகிறார் அல்லது பாடுகிறார்,தொப்பி, கருப்பு வண்ண தொப்பி மற்றும் கூலிங் கிளாஸ் அணியுங்கள்",2
3VDI8GSXBK64O7BD2OLM20J6N5A8GW,A2DCGTGSVHL9KM,302,image,A woman wearing a black tank top and smirking with her hand covering her mouth.,கை நீட்டி பேசும் பெண்.,1
3VDI8GSXBK64O7BD2OLM20J6N5A8GW,A2DCGTGSVHL9KM,302,gif,"a man wearing sunglasses is smiling, talking, and nodding.",ஒரு ஆண் மகிழ்ச்சியுடன்  பேட்டி கொடுக்கிறார்,4
3VDI8GSXBK64O7BD2OLM20J6N5A8GW,A111ZFNLXK1TCO,310,image,A crowd of people are gathered in a dimly lit room with torches.,கூட்டத்தில் சிலர் சண்டையிட்டுக் கொள்கின்றனர்.,1
3VDI8GSXBK64O7BD2OLM20J6N5A8GW,A111ZFNLXK1TCO,310,gif,a man wearing sunglasses is speaking into a microphone.,ஒரு ஆண் ஒழிப்பறிக்கியில் படுகிறான்,3
3VDI8GSXBK64O7BD2OLM20J6N5A8GW,A111ZFNLXK1TCO,310,image,A woman covered up in bed is looking off into the distance.,இந்த பெண்மணி காலையில் படுக்கையிலிருந்து எதிர்பார்த்தபடி எழுத்துருக்கின்றாள்,2
3VDI8GSXBK64O7BD2OLM20J6N5A8GW,A111ZFNLXK1TCO,310,image,A young woman gestures with one hand as she speaks to someone off camera.,இந்த பெண்ணின் பார்வையில் மற்றவர்களை கவரும் காந்த சக்தி உள்ளது.,2
3VDI8GSXBK64O7BD2OLM20J6N5A8GW,A111ZFNLXK1TCO,310,gif,a woman is singing and playing the guitar.,அவளுடைய தலைமுடி மிகவும் அழகாக இருக்கிறது,1
3VDI8GSXBK64O7BD2OLM20J6N5A8GW,A111ZFNLXK1TCO,310,gif,a man is singing into a microphone while holding a guitar.,அவர் ஒரு பாடல் பாடுகிறார்,3
3VDI8GSXBK64O7BD2OLM20J6N5A8GW,A111ZFNLXK1TCO,310,image,A man is riding in the car with a bandage on his face.,வலது புருவத்தில் காயத்துடன் கண்ணைமூடிக் கொண்டிருக்கும் ஒருவன்.,2
3VDI8GSXBK64O7BD2OLM20J6N5A8GW,A111ZFNLXK1TCO,310,image,A man with a goatee and black sunglasses is smiling into a microphone.,"அவர் மைக்கில் பேசுகிறார் அல்லது பாடுகிறார்,தொப்பி, கருப்பு வண்ண தொப்பி மற்றும் கூலிங் கிளாஸ் அணியுங்கள்",3
3VDI8GSXBK64O7BD2OLM20J6N5A8GW,A111ZFNLXK1TCO,310,image,A woman wearing a black tank top and smirking with her hand covering her mouth.,கை நீட்டி பேசும் பெண்.,1
3VDI8GSXBK64O7BD2OLM20J6N5A8GW,A111ZFNLXK1TCO,310,gif,"a man wearing sunglasses is smiling, talking, and nodding.",ஒரு ஆண் மகிழ்ச்சியுடன்  பேட்டி கொடுக்கிறார்,2
3EHIMLB7GCCIO36OMU34N0V725N8HV,A35IEM9AICHLN0,172,image,An orange and white fox is jumping face first into deep snow.,ஒரு பனி பிரதேச விலங்கு முகத்தை பனியில் வைத்து விளையாடுகிறது.,4
3EHIMLB7GCCIO36OMU34N0V725N8HV,A35IEM9AICHLN0,172,image,A woman with a pink skirt and top is on stage singing.,ஒரு பெண் இசை நிகழ்ச்சியில் பாடல் ஒன்று பாடுகிறாள்,4
3EHIMLB7GCCIO36OMU34N0V725N8HV,A35IEM9AICHLN0,172,gif,a man tries to kiss a girl but she backs away.,ஒருவன் முத்தமிட வருகிறான்,2
3EHIMLB7GCCIO36OMU34N0V725N8HV,A35IEM9AICHLN0,172,gif,a man is smoking a cigarette while someone touches his face.,ஒருவன் புகை பிடித்து கொண்டு இருக்கிறான்,2
3EHIMLB7GCCIO36OMU34N0V725N8HV,A35IEM9AICHLN0,172,image,A woman with long brown hair and a green dress is swinging while holding onto a rope.,"அவள் கயிற்றில் தொங்குகிறாள்,அவள் மிகவும் அழகாக இருக்கிறாள்,சட்டை மற்றும் ஷார்ட்ஸ் அணியுங்கள்",1
3EHIMLB7GCCIO36OMU34N0V725N8HV,A35IEM9AICHLN0,172,image,A group of people are walking down a large city.,ஒரு நபர் சாலையோரத்தில் இயற்கையின் படங்களை புகைப்பட கருவியில் புகைப்படம்  பிடிக்கிறார்.,1
3EHIMLB7GCCIO36OMU34N0V725N8HV,A35IEM9AICHLN0,172,image,A man wearing a suit and sunglasses smiles in front of a blue background.,இது புன்னகையுடன் மேடையில் ஒரு செயல்பாட்டின் புகைப்படம்.,1
3EHIMLB7GCCIO36OMU34N0V725N8HV,A35IEM9AICHLN0,172,gif,two woman are sticking their tongues out.,இரு பெண்கள் நாக்கில் விளையாடிக்கொண்டுருக்கிறார்கள்,2
3EHIMLB7GCCIO36OMU34N0V725N8HV,A35IEM9AICHLN0,172,gif,a woman with light brown hair is sitting up in bed.,ஒரு பெண் எழுந்தது உர்கார்ந்து பார்க்கிறாள்,2
3EHIMLB7GCCIO36OMU34N0V725N8HV,A35IEM9AICHLN0,172,image,A man in tight black pants in on stage and has his abdomen exposed.,இசை கலைஞர் ஒருவர் தன்னுடைய பாடலை மிகவும் உற்சாகத்தோடு பாடுகிறார்.,1
3EHIMLB7GCCIO36OMU34N0V725N8HV,A33Z442WJQ8ADC,140,image,An orange and white fox is jumping face first into deep snow.,ஒரு பனி பிரதேச விலங்கு முகத்தை பனியில் வைத்து விளையாடுகிறது.,2
3EHIMLB7GCCIO36OMU34N0V725N8HV,A33Z442WJQ8ADC,140,image,A woman with a pink skirt and top is on stage singing.,ஒரு பெண் இசை நிகழ்ச்சியில் பாடல் ஒன்று பாடுகிறாள்,3
3EHIMLB7GCCIO36OMU34N0V725N8HV,A33Z442WJQ8ADC,140,gif,a man tries to kiss a girl but she backs away.,ஒருவன் முத்தமிட வருகிறான்,2
3EHIMLB7GCCIO36OMU34N0V725N8HV,A33Z442WJQ8ADC,140,gif,a man is smoking a cigarette while someone touches his face.,ஒருவன் புகை பிடித்து கொண்டு இருக்கிறான்,3
3EHIMLB7GCCIO36OMU34N0V725N8HV,A33Z442WJQ8ADC,140,image,A woman with long brown hair and a green dress is swinging while holding onto a rope.,"அவள் கயிற்றில் தொங்குகிறாள்,அவள் மிகவும் அழகாக இருக்கிறாள்,சட்டை மற்றும் ஷார்ட்ஸ் அணியுங்கள்",5
3EHIMLB7GCCIO36OMU34N0V725N8HV,A33Z442WJQ8ADC,140,image,A group of people are walking down a large city.,ஒரு நபர் சாலையோரத்தில் இயற்கையின் படங்களை புகைப்பட கருவியில் புகைப்படம்  பிடிக்கிறார்.,1
3EHIMLB7GCCIO36OMU34N0V725N8HV,A33Z442WJQ8ADC,140,image,A man wearing a suit and sunglasses smiles in front of a blue background.,இது புன்னகையுடன் மேடையில் ஒரு செயல்பாட்டின் புகைப்படம்.,3
3EHIMLB7GCCIO36OMU34N0V725N8HV,A33Z442WJQ8ADC,140,gif,two woman are sticking their tongues out.,இரு பெண்கள் நாக்கில் விளையாடிக்கொண்டுருக்கிறார்கள்,5
3EHIMLB7GCCIO36OMU34N0V725N8HV,A33Z442WJQ8ADC,140,gif,a woman with light brown hair is sitting up in bed.,ஒரு பெண் எழுந்தது உர்கார்ந்து பார்க்கிறாள்,4
3EHIMLB7GCCIO36OMU34N0V725N8HV,A33Z442WJQ8ADC,140,image,A man in tight black pants in on stage and has his abdomen exposed.,இசை கலைஞர் ஒருவர் தன்னுடைய பாடலை மிகவும் உற்சாகத்தோடு பாடுகிறார்.,3
38VTL6WC5FQLNGDBYW0PXGGJQBZ5YP,AVYMEI908YXCT,179,image,Two men are singing into microphones.,மைக்கின் முன் பாடல் பாடும் இரு பாடகர்களில் ஒருவர் தொப்பி அணிந்திருக்கிறார்.,2
38VTL6WC5FQLNGDBYW0PXGGJQBZ5YP,AVYMEI908YXCT,179,gif,a baby is playing in a fake car.,சிறு கிழந்தை வீட்டில் விளையாடுகின்றன,3
38VTL6WC5FQLNGDBYW0PXGGJQBZ5YP,AVYMEI908YXCT,179,gif,a man is smiling while he takes his shirt off.,ஒரு ஆண் சட்டையை கழட்டுகிறான்,2
38VTL6WC5FQLNGDBYW0PXGGJQBZ5YP,AVYMEI908YXCT,179,image,A man is on his knees with his arms up at the bottom of a staircase.,மனிதன் படிகளில் தீவிரமாக நழுவுகிறான்.,2
38VTL6WC5FQLNGDBYW0PXGGJQBZ5YP,AVYMEI908YXCT,179,gif,a man is singing into a microphone and his hat falls off,அவன் ஒலிபெருக்கிவுடன் பேசி கொண்டு இருக்கின்றன,1
38VTL6WC5FQLNGDBYW0PXGGJQBZ5YP,AVYMEI908YXCT,179,gif,this is a blond girl blowing a kiss.,ஒரு பெண் முத்தம் கொடுக்கின்றாள்.,3
38VTL6WC5FQLNGDBYW0PXGGJQBZ5YP,AVYMEI908YXCT,179,gif,a man is holding a cigarette in his mouth and looking up.,ஒரு ஆண் புகைத்து தலை ஆட்டுகிறான்,3
38VTL6WC5FQLNGDBYW0PXGGJQBZ5YP,AVYMEI908YXCT,179,gif,a dog is running around in a circle.,ஒரு நாய் வட்டமாக சுற்றி வருகிறது,3
38VTL6WC5FQLNGDBYW0PXGGJQBZ5YP,AVYMEI908YXCT,179,image,A male in a striped shirt and black jeans is standing on a skateboard,சறுக்குப் பலகை விளையாட்டு வீரர் தன் சறுக்குப் பலகையின் மீதில் ஏறி விளையாடிக் கொண்டிருக்கிறார்.,1
38VTL6WC5FQLNGDBYW0PXGGJQBZ5YP,AVYMEI908YXCT,179,image,A basketball player in a black and red jersey is sitting on the floor.,"விளையாட்டு அரங்கின் நடுவில், வீரர் ஒருவர் தன் கால்களை பிடித்தபடி சிரித்த முகத்துடன் அமர்ந்திருக்கிறார்.",2
38VTL6WC5FQLNGDBYW0PXGGJQBZ5YP,A1IMRSDQ7RO9US,375,image,Two men are singing into microphones.,மைக்கின் முன் பாடல் பாடும் இரு பாடகர்களில் ஒருவர் தொப்பி அணிந்திருக்கிறார்.,2
38VTL6WC5FQLNGDBYW0PXGGJQBZ5YP,A1IMRSDQ7RO9US,375,gif,a baby is playing in a fake car.,சிறு கிழந்தை வீட்டில் விளையாடுகின்றன,4
38VTL6WC5FQLNGDBYW0PXGGJQBZ5YP,A1IMRSDQ7RO9US,375,gif,a man is smiling while he takes his shirt off.,ஒரு ஆண் சட்டையை கழட்டுகிறான்,4
38VTL6WC5FQLNGDBYW0PXGGJQBZ5YP,A1IMRSDQ7RO9US,375,image,A man is on his knees with his arms up at the bottom of a staircase.,மனிதன் படிகளில் தீவிரமாக நழுவுகிறான்.,3
38VTL6WC5FQLNGDBYW0PXGGJQBZ5YP,A1IMRSDQ7RO9US,375,gif,a man is singing into a microphone and his hat falls off,அவன் ஒலிபெருக்கிவுடன் பேசி கொண்டு இருக்கின்றன,3
38VTL6WC5FQLNGDBYW0PXGGJQBZ5YP,A1IMRSDQ7RO9US,375,gif,this is a blond girl blowing a kiss.,ஒரு பெண் முத்தம் கொடுக்கின்றாள்.,5
38VTL6WC5FQLNGDBYW0PXGGJQBZ5YP,A1IMRSDQ7RO9US,375,gif,a man is holding a cigarette in his mouth and looking up.,ஒரு ஆண் புகைத்து தலை ஆட்டுகிறான்,2
38VTL6WC5FQLNGDBYW0PXGGJQBZ5YP,A1IMRSDQ7RO9US,375,gif,a dog is running around in a circle.,ஒரு நாய் வட்டமாக சுற்றி வருகிறது,5
38VTL6WC5FQLNGDBYW0PXGGJQBZ5YP,A1IMRSDQ7RO9US,375,image,A male in a striped shirt and black jeans is standing on a skateboard,சறுக்குப் பலகை விளையாட்டு வீரர் தன் சறுக்குப் பலகையின் மீதில் ஏறி விளையாடிக் கொண்டிருக்கிறார்.,2
38VTL6WC5FQLNGDBYW0PXGGJQBZ5YP,A1IMRSDQ7RO9US,375,image,A basketball player in a black and red jersey is sitting on the floor.,"விளையாட்டு அரங்கின் நடுவில், வீரர் ஒருவர் தன் கால்களை பிடித்தபடி சிரித்த முகத்துடன் அமர்ந்திருக்கிறார்.",2
